Id,SalePrice
FDW58,1614.8113
FDW14,1366.4583
NCN55,636.76965
FDQ58,2451.2593
FDY38,6002.3687
FDH56,1860.5762
FDL48,622.4189
FDC48,2130.1575
FDN33,1535.3604
FDA36,3198.1926
FDT44,1893.2705
FDQ56,1336.7743
NCC54,619.94525
FDU11,2080.8496
DRL59,868.813
FDM24,2443.6501
FDI57,3209.9653
DRC12,2612.3694
NCM42,2645.2168
FDA46,578.48254
FDA31,2943.2305
NCJ31,3787.5999
FDG52,811.9932
NCL19,410.16406
FDS10,3003.8982
FDX22,667.28406
NCF19,878.718
NCE06,2743.8604
DRC27,3916.0476
FDE21,1927.3013
NCR42,27.876656
FDX51,2604.4482
NCR06,514.24805
FDU31,5666.062
FDU59,2745.2012
FDR03,5556.3125
FDS49,2158.9211
FDD48,343.9462
NCF18,3204.3943
NCD43,2541.6611
NCD54,1864.9761
FDY19,342.4073
NCY54,2954.6892
NCL19,2179.59
FDP23,586.37036
FDC26,1860.5762
FDR14,167.92131
NCS41,3275.153
FDF41,4402.4478
FDU34,1996.0397
DRH11,930.88995
FDM03,1662.2213
FDS31,3034.3086
FDJ20,2052.6523
FDV44,5178.288
FDG02,3179.5642
FDA09,2974.7524
FDT04,702.2835
FDL58,747.60034
FDE52,1356.098
FDW12,2494.9897
FDL51,3740.9
NCY42,3488.8625
FDR07,1579.8156
FDN40,2365.3389
FDB35,2406.6836
FDA22,2784.773
NCL06,4113.8223
FDI35,2986.6091
NCW42,3954.4626
NCX06,3001.9944
FDC37,2559.6187
FDZ14,1867.3539
DRG49,4076.0288
NCG06,3807.27
DRC36,2902.165
FDV21,404.91223
FDB53,2428.265
DRP47,776.8689
FDA14,2416.7844
DRC24,2502.911
FDW21,1542.0734
NCH29,1652.4203
FDU58,3164.179
FDY27,2996.211
FDV56,1728.9464
FDT59,4072.4111
FDB23,3764.2483
FDR49,802.4731
FDB03,641.3903
FDN39,2666.6042
FDX02,5882.6294
FDQ16,2559.6187
FDU35,1396.4972
NCT29,2050.487
FDZ27,788.65625
FDN57,2122.1729
FDA03,2139.0842
FDZ36,3062.8108
NCU05,1321.4105
FDT39,2167.7334
FDK60,1617.2272
FDZ25,2833.7366
FDG12,2050.487
DRB01,518.4802
NCC43,5922.025
FDX13,874.602
FDM22,937.59216
FDJ03,1328.0024
FDU14,3450.6594
FDB33,452.2686
FDP27,3102.7085
FDO38,398.41055
FDE28,6002.3687
FDO27,1612.2388
DRL23,2541.6611
FDS28,930.88995
FDX24,1417.8253
FDZ02,1627.9211
FDL46,1498.2904
FDS60,4707.5776
NCO06,699.93805
FDO16,1450.7078
FDC60,1399.3682
FDA48,3110.0828
FDZ36,4987.6245
FDK27,1987.5604
FDW23,514.24805
FDM14,1603.4895
FDM14,1673.0275
FDW60,2283.337
FDE21,1860.5762
NCM42,1728.9464
FDY59,340.52945
DRI49,1336.796
FDT28,371.6969
FDQ22,514.24805
FDR60,1336.796
FDC50,404.0791
FDV24,2428.265
DRF48,575.90546
FDQ47,690.01776
DRN36,1599.9183
NCY06,2099.4285
FDE52,1461.2136
NCB54,1987.5604
NCF31,2477.2058
FDJ08,5146.766
NCC07,1693.3768
NCD19,1688.6302
FDL46,1813.1661
FDM20,3644.927
NCI06,471.51184
DRM11,4136.712
NCH07,2157.3137
FDS23,2114.711
FDO49,623.95776
FDS35,1090.3219
DRK39,1288.5293
DRI39,922.93835
FDV04,2573.276
NCN14,3255.812
FDH08,4102.3584
FDS20,3196.2637
FDV40,1242.0165
FDZ48,279.51553
FDS24,2345.959
FDK44,2970.4724
FDS48,2396.4827
FDK26,575.90546
FDD23,3088.3535
NCH54,2784.773
NCP14,296.61743
FDM60,69.14887
FDV24,2460.9587
FDH08,3461.5613
FDS12,3378.983
FDR39,4707.5776
FDP12,1040.4912
DRF60,6090.2217
FDC09,1728.9464
FDF50,2591.13
FDG28,3994.937
NCE19,963.5841
NCM53,295.07852
NCN18,1806.9102
FDF32,3224.9766
FDF11,3981.6226
DRI59,3835.5354
NCG54,2811.2646
FDM44,1662.2213
FDT57,3352.681
FDV24,2428.265
FDI50,909.0436
FDS09,860.934
NCC31,3628.1584
FDQ07,492.3187
FDC22,3144.1157
FDZ56,2744.232
FDZ40,185.82841
FDS46,3080.9219
DRD24,2064.132
FDV45,3235.592
FDL26,2444.4026
FDA56,1890.6907
FDN27,1741.4226
FDM20,3961.3813
FDO16,1380.9868
FDL03,3225.5918
FDE58,1806.1288
FDI02,3080.9219
NCC55,40.14239
FDR03,3069.9912
FDB14,1487.4011
FDR45,3981.6226
NCN07,2130.8887
FDM51,440.33136
FDT52,6054.595
FDL26,2469.2747
NCZ42,3951.674
DRI47,371.6969
FDW40,2138.9148
FDN34,2744.232
FDS01,3041.4773
NCG55,1816.9375
FDC11,1369.4524
FDX35,3094.9395
NCB06,2575.2473
FDR09,776.8689
FDC53,1617.2272
FDY45,4099.0234
FDA22,457.31918
FDE02,1623.0449
FDW21,1680.9363
FDV34,1226.631
FDS59,1677.6068
NCW17,2079.2456
NCK54,1860.5762
FDG17,729.1642
FDG35,2932.0227
FDD08,56.88314
NCO07,3809.2534
FDJ10,410.0886
FDW36,1694.9156
FDW21,364.50485
FDY19,1891.7317
DRE03,787.1174
NCC55,717.6689
FDH52,202.64687
FDO09,4409.155
FDU43,3919.7722
FDX09,448.5462
FDH40,349.64865
FDW58,1632.1201
FDC47,3797.0562
NCR41,1647.3224
DRG49,3994.937
FDC52,3614.5208
FDY13,1237.4371
FDY35,717.22943
FDI35,3373.3418
NCU18,2154.3
FDY33,2169.1704
FDC15,3671.5698
FDU01,3201.866
NCU42,2732.3752
NCV29,2308.8796
NCY30,3265.2822
FDQ46,1875.9617
FDG58,3646.116
FDK33,3783.123
NCD07,1797.6503
NCX29,3655.8154
NCT42,2428.265
DRN59,860.934
FDI44,1370.3516
FDA45,2907.95
FDP31,777.1527
FDY01,1860.5762
FDT09,1979.1183
DRH03,2455.8967
FDA36,2578.9055
NCF31,2375.8381
FDG14,2443.6501
FDG28,5932.3
FDU14,4121.3623
FDY47,410.16406
FDI56,1433.2108
DRD01,930.88995
FDM22,930.88995
FDH33,702.2835
DRZ24,1860.5762
NCQ38,1662.2213
FDO16,2130.1575
FDU07,3785.4285
NCB07,3158.867
FDU48,2078.1072
NCM43,2683.773
FDR31,393.29318
DRK49,514.24805
NCI30,563.5077
DRD60,3046.1653
NCG19,3666.2632
FDH12,1711.1624
FDM32,1469.1962
FDM27,2465.038
NCU53,4178.7734
NCQ18,1584.5328
FDS10,2937.1733
FDB33,3845.2598
FDI12,1357.1007
NCW42,4011.001
NCC06,1889.1519
FDW02,2074.8213
NCD43,1694.9156
FDM57,1133.3751
FDA58,3734.2834
FDK56,3102.7085
FDP52,4040.5093
FDW20,1860.1624
FDS52,1610.8782
NCT29,1672.5408
NCL54,2974.7524
FDC05,3070.8606
FDF34,3230.9038
FDP03,3279.124
FDD32,387.6044
FDZ10,2002.9121
FDZ40,997.61475
FDD51,490.91122
NCY30,445.83987
FDP58,3572.152
FDV49,4600.2075
FDY24,189.23938
NCO55,1694.9156
FDR13,1893.2705
FDS51,976.5006
FDP26,1600.494
NCB54,3428.2292
FDF32,3235.592
FDN31,2604.4482
DRM48,701.4769
FDN20,2772.397
DRL01,3925.7207
FDV56,1677.6068
DRH13,2541.6611
FDA03,2432.3096
FDF47,5624.643
FDX32,2440.1216
FDX57,1599.9183
NCA30,3084.8357
FDO49,811.9932
FDL04,440.33136
DRM48,717.7235
FDR16,3488.2886
NCC19,2564.8765
NCE42,3038.801
FDY24,969.231
FDH19,2984.8257
FDJ46,2974.7524
FDN45,784.9804
FDY08,2154.764
FDZ37,1434.632
NCT30,791.6669
DRY23,514.24805
NCZ30,1890.6907
FDC44,1672.5408
FDB45,1645.6083
FDY04,2737.0732
FDM27,2563.3906
FDZ43,4091.943
FDT39,371.6969
NCC06,404.91223
FDL15,3646.116
FDL57,4254.0903
FDU08,1584.5328
FDK40,4189.211
FDQ12,747.57336
FDS48,2472.8154
FDP09,3570.764
FDW21,1667.8058
FDY25,3041.4773
DRE13,1389.795
FDV43,40.14239
FDD22,1797.6503
FDM46,392.29663
NCO30,625.61017
FDM25,2944.804
NCN41,2065.8723
FDU24,1368.6528
FDZ50,3196.2637
FDP45,3863.8083
NCM54,2006.8477
FDW10,414.318
FDP20,2081.6423
FDK32,2440.1216
FDN52,1401.7572
FDM58,1747.886
FDZ46,2748.3433
NCA18,1672.5408
FDD35,2050.487
NCK31,878.718
FDI40,2596.6328
FDT50,369.936
NCT06,2707.1248
FDT31,3225.5918
FDT45,937.59216
FDT13,3119.4973
FDO50,1398.7462
NCU18,413.38913
NCR54,3177.3918
NCO18,2308.8796
FDU09,910.5636
FDT13,2616.305
FDE09,1860.5762
NCK53,440.33136
FDG45,3633.4045
DRH15,721.5982
FDO21,704.6991
FDD14,5036.0938
FDC09,1662.2213
FDH45,1176.9438
FDV32,1074.9364
FDG12,1927.3013
FDS32,2134.9792
NCL55,3491.1165
DRE01,3787.8303
DRE15,1313.4592
NCL42,3694.5286
FDP31,945.87897
FDN33,1229.7899
FDZ59,2726.3674
FDE45,471.51184
FDJ07,1860.5762
FDQ45,2666.4814
FDM33,5586.7896
FDO15,304.2446
FDM46,1417.8253
FDR03,3654.2512
FDY49,2352.1833
FDQ60,1797.6503
FDW10,2939.472
FDO51,732.6148
FDJ40,1474.1859
FDS20,2666.4814
FDU45,1860.5762
FDV02,2810.5664
FDN09,3927.9043
NCM55,5005.582
FDN23,2167.7334
FDY31,393.29318
FDW03,364.50485
FDD14,3142.6829
FDV23,2061.946
DRI03,2864.0674
FDN13,1580.1549
FDF45,1793.7606
FDU46,1423.8258
FDB57,3807.8003
FDV12,1599.9183
FDQ58,2428.265
NCA18,1893.2705
FDH52,959.19183
FDM24,2167.7334
NCP43,4689.62
NCO18,445.83987
FDM32,1419.9913
NCL07,722.712
FDK03,4214.6274
FDP59,1596.4034
FDQ24,4114.4077
FDQ16,1472.6471
FDU44,2593.339
FDH28,73.774086
FDV28,27.876656
FDM22,910.5636
FDR56,3114.5652
FDV39,3179.5642
FDU37,360.4548
FDQ11,889.2008
FDX02,3826.6313
NCS42,1229.7899
FDY57,2534.2056
FDB21,3775.5098
FDE28,3785.1995
FDQ55,1893.2705
FDA48,3745.387
FDZ19,2876.6223
NCC43,3901.7397
NCV18,1321.4105
NCA42,2171.3428
FDY45,4069.075
NCC30,2933.3088
FDM57,1357.1007
FDL09,419.74
FDB09,3366.2969
FDT44,1909.5172
NCT06,4103.8525
FDX26,3253.454
FDK32,2520.8855
DRA12,2127.058
FDO46,601.4482
FDE52,1333.7639
NCH42,4026.5342
FDV08,769.0083
FDB47,3058.1345
FDC28,274.89484
FDD22,1860.5762
FDS07,3168.0947
DRI13,3620.1997
FDG32,3278.3447
FDU14,4216.297
FDD28,185.82841
NCP41,1694.9156
FDS08,2964.595
FDX47,2370.47
FDC53,440.33136
FDQ19,4048.3474
FDL14,2355.6394
FDM33,570.8036
FDA51,1785.0955
FDZ27,600.6208
FDT04,702.2835
DRC13,2065.8723
FDR16,5450.0625
FDQ03,6129.37
FDE38,2785.722
DRH23,1743.602
FDT11,550.00214
FDD09,3041.4773
FDR40,1301.0841
FDX07,3280.4565
FDR07,1611.2363
FDA51,1848.6986
FDT59,909.0436
FDF20,3223.7354
FDR13,1797.6503
FDY26,3680.016
FDW04,2132.4275
FDK52,4097.734
FDN60,2481.813
FDM09,414.318
FDP46,1401.7572
FDB50,360.4548
NCQ29,3961.4287
FDP16,6169.2437
FDX33,2183.5671
FDP07,596.13617
FDN22,3854.2444
FDF39,4197.122
FDS21,942.6946
NCM42,1662.2213
FDK50,440.17984
DRF13,3637.858
FDH35,2297.9077
FDP60,1396.4972
DRJ49,3410.2717
NCT42,371.6969
FDE38,2752.1663
FDI04,3179.5642
NCH54,2396.0127
FDT56,959.19183
DRD15,3340.8242
FDV58,2852.49
FDP21,3179.5642
FDH05,3920.5806
FDR10,4063.376
NCP06,2094.4724
FDF33,1800.9318
DRK37,3138.6362
DRH49,1318.8325
FDT58,2762.3237
FDD41,1474.1859
FDP40,1618.4668
FDM51,2541.6611
FDO45,324.73032
FDW33,296.61743
FDY24,937.44556
FDB10,633.4691
FDM40,2154.764
NCI06,3034.3086
FDW12,371.6969
FDX48,3646.116
NCW05,2596.6328
FDX27,1542.127
DRM37,3119.4973
FDA38,3880.2544
FDR36,702.2835
FDZ45,3146.0872
FDG05,2652.8955
FDK28,4106.371
FDV47,1356.0615
FDN21,2502.4597
FDP20,3466.1558
FDI35,3208.4858
DRY23,702.2835
FDA56,2083.1812
FDB09,2050.487
NCO26,3080.9219
FDQ49,2202.7566
FDI52,3279.124
FDZ44,3168.0947
FDZ09,2327.3008
FDY03,1875.9617
NCG42,2130.8887
DRI13,5475.3984
FDQ32,2046.5515
FDW16,1466.7664
FDU27,759.26794
FDR28,456.5883
FDQ49,439.03534
FDS37,1860.5762
FDW26,3110.0828
FDX12,3335.5122
NCP06,2393.963
FDW45,401.2144
NCN30,1599.9183
FDN24,937.59216
NCL41,1040.4912
FDR02,416.99442
FDD09,471.51184
FDS33,324.73032
FDU22,1797.6503
FDI53,2693.6946
DRH01,2987.9653
FDX32,2138.9148
NCP30,493.33188
FDB60,3088.3535
FDB14,1470.0923
NCP02,979.83075
FDJ10,2138.5168
FDG34,1791.5247
NCB18,1417.5272
FDM16,1242.0165
FDW25,1160.2571
FDB35,342.06277
DRN11,2127.058
FDF41,1205.5687
FDH16,1366.0453
NCQ50,2971.909
DRH23,742.85455
DRJ37,2428.265
DRJ24,5003.534
FDY16,3255.812
FDQ27,1680.9363
FDZ33,2365.3389
FDF29,2095.276
FDA08,2740.6018
FDG31,1074.9364
FDE34,534.9764
NCR30,1989.4126
FDV33,4135.29
DRZ24,1825.6155
NCL54,3023.6934
FDR12,2990.1377
NCC54,3770.5752
DRN59,811.9932
FDX50,303.47192
FDV31,4783.1484
NCA29,4689.62
FDW60,2964.595
FDX08,3285.7686
DRD49,3795.751
FDD33,3837.9536
FDW35,702.2835
FDJ36,1673.6805
FDV51,2803.798
FDW36,1662.2213
FDH35,2669.3147
NCS30,3506.82
FDN49,713.7427
FDL08,3079.954
FDI09,3716.8752
FDP19,1939.937
FDU21,61.50836
NCP41,1632.336
FDY10,1860.5762
FDP12,501.98233
NCN26,1875.9617
FDK44,2955.0872
FDC28,1677.6068
FDJ41,5959.907
NCT29,2099.4285
NCH42,909.0436
FDU60,2335.0146
FDS02,3070.8606
FDC51,2027.1501
FDU03,3206.871
FDX39,3634.964
NCY05,56.88314
NCL06,5992.3853
FDD32,1388.1356
NCN41,2006.8477
NCX53,2137.1313
FDU57,371.6969
FDQ23,1662.2213
FDQ52,3915.3909
FDC14,712.05066
FDY09,3053.334
FDQ28,2386.263
FDV25,3762.5378
FDJ07,1927.3013
DRB25,1677.6068
FDK52,541.49347
FDY52,1819.7604
FDB28,3182.8228
FDT36,717.7235
FDV25,3956.0906
NCN07,3506.82
FDC57,3218.4233
FDQ03,3293.8113
FDU23,2821.88
NCX41,3726.2942
NCD06,860.934
FDW08,1613.0488
NCU29,2460.9587
NCE06,2553.7673
FDV52,291.42892
FDB02,3034.3086
NCR18,701.2444
FDK16,1599.9183
NCQ29,848.1743
FDZ01,451.13754
FDW27,2439.2412
FDD17,3340.8242
FDW39,2974.7524
DRH59,1141.6276
FDS52,1662.2213
FDU40,5424.4478
NCF54,2982.6736
FDH46,1613.0488
NCP14,1677.6068
FDH50,3191.421
DRF15,376.97696
FDV27,2345.959
NCJ06,1999.258
FDN02,3069.9912
FDQ51,827.3786
FDQ07,3883.8562
FDS45,1745.4943
NCJ06,2005.3088
FDD36,1927.3013
FDY25,3120.9126
FDU52,2418.5654
DRK47,4212.6787
NCL30,2081.6423
FDN22,3913.9397
NCF30,3378.983
FDK03,4244.9688
FDT45,963.5841
NCC54,6019.8613
FDP08,2582.3706
FDU44,2695.268
DRG39,947.8106
FDU32,2065.8723
FDY27,2952.04
NCP54,2050.487
NCZ41,2064.3335
DRL49,2258.886
FDI05,1133.3751
FDY56,3910.337
DRC13,2050.487
NCV29,3034.3086
FDR24,1433.2108
FDZ34,2604.4482
FDP37,2078.1934
FDX08,4814.6704
FDS57,2095.276
NCG18,1677.6068
FDK25,2352.551
FDH53,1306.2677
DRI59,3230.5146
FDA52,2925.1387
FDT20,69.14887
FDE36,440.17984
FDI24,3034.3086
FDB28,2590.4192
FDV11,3034.3086
FDP01,2363.622
FDD34,4063.376
FDJ50,1485.1274
FDZ44,1860.5762
DRO59,1275.572
DRB48,701.2444
FDR21,2271.3005
NCE42,425.16574
FDO23,1393.2484
NCE30,3010.0935
FDQ22,756.74255
FDY01,1797.6503
FDS08,3008.7659
FDG28,3079.954
FDQ51,623.95776
FDB05,4107.058
FDO56,1875.9617
FDE02,1240.5961
FDN45,3703.8813
FDS09,811.9932
NCA54,2320.7363
FDP09,548.7912
FDC53,1535.3604
NCM55,3235.592
FDL09,2314.972
FDA11,392.29663
FDA50,1542.0928
FDC23,3042.2297
FDE22,2608.7244
FDD23,3134.2305
NCA29,2990.1377
FDK38,2428.265
DRC13,2050.487
NCP43,2998.0588
FDX28,1599.9183
FDF08,1433.2108
FDZ33,2428.265
FDD10,2923.5686
FDO58,2747.1938
FDI50,4212.6787
FDO58,2634.3372
FDX08,2974.7524
NCK17,69.14887
FDF39,4229.8613
FDU45,343.9462
NCJ18,1672.5408
DRC27,318.0491
DRC25,1432.9237
FDU59,2602.7083
FDU28,3225.5918
NCP30,660.7259
FDB39,719.5176
FDE41,1357.1007
DRH11,149.43237
FDA58,3733.9546
FDU50,1837.2394
FDM34,2065.9277
FDM44,2646.7915
FDR39,2850.0461
FDM25,2902.165
FDQ49,2447.4055
DRH25,732.6325
FDM09,4458.324
FDL44,541.32324
NCR42,501.98233
DRL59,922.2068
FDX43,2736.781
DRK47,668.9689
FDU48,1961.9495
FDY12,791.6669
NCN43,1890.6907
NCM55,2678.3381
FDQ21,3261.1665
FDX13,4132.0264
NCK30,5992.3853
FDG20,2970.4724
DRG27,690.4057
FDY14,3976.5527
FDP59,1627.8242
FDU60,2816.5679
NCC18,414.318
DRJ39,3754.7156
FDS07,1875.9617
FDM08,6055.3354
FDP51,1922.4855
FDU16,1368.8127
FDH12,1662.2213
DRE48,601.4482
NCL42,6054.595
FDR21,2883.873
NCW29,2205.6396
FDO11,3851.9517
NCM31,2142.4434
FDV35,380.76434
FDF58,976.5006
NCE43,2746.187
FDA02,2483.5093
DRL37,65.68418
FDR24,1229.7899
FDW59,1336.796
FDS22,732.6148
FDW24,844.6874
FDU24,1612.2388
FDA21,5005.582
FDH58,3080.9219
FDW36,1474.1859
FDI45,4814.6704
FDU01,2563.799
FDF35,2596.6328
FDU43,602.4348
FDE24,371.6969
FDK50,2740.6018
FDG31,1054.61
FDC60,1436.5403
FDL36,1417.8253
FDP21,3164.179
FDW16,1387.9401
FDX02,3993.49
FDQ58,3628.1584
FDT51,1791.5247
FDD59,1336.796
NCM42,1474.1859
FDA57,480.44208
FDZ48,1923.3657
FDE46,2347.0469
NCZ30,404.91223
FDB56,3223.7354
FDA25,2570.4248
FDD20,2050.487
FDL25,1417.8253
NCO18,2990.1377
FDJ45,732.61414
FDR12,2829.0486
NCF19,126.78186
FDK25,2700.8533
NCR17,1860.5762
FDC52,2404.9277
NCA54,3046.1653
FDR45,698.9873
NCM19,1875.9617
FDF39,5245.378
FDX23,1599.9183
FDD58,2497.1914
FDX28,1662.2213
NCD31,2725.2166
FDU57,2167.7334
FDI27,788.65625
NCM42,1662.2213
FDD32,2235.2878
FDI34,4043.49
NCM29,2115.119
FDG46,1672.5408
DRC01,126.78186
FDB15,5987.2466
NCA17,3655.8154
FDF10,2440.1216
FDR26,4695.023
FDI02,1875.9617
NCM54,405.6893
FDF14,2428.265
FDJ33,414.2456
FDM20,3787.4773
FDC03,5424.4478
NCX05,1860.5762
NCM41,2406.6836
NCU29,415.32532
FDQ59,1354.1049
FDH46,296.61743
FDH09,825.831
NCD06,791.6669
FDC15,2405.844
DRD37,1165.6779
FDT28,3655.8154
FDR28,4063.376
FDT38,1364.9194
FDV34,1971.455
FDY52,1105.773
FDB34,1357.1007
DRL23,1472.6471
DRB24,2418.5654
FDJ50,941.69617
FDQ49,2479.9783
FDP20,2097.8896
FDV19,4079.0696
NCR54,3119.4973
FDO09,848.1743
FDS57,1979.1183
FDN10,1875.9617
FDV23,2065.8723
FDY28,3529.2166
DRG51,2712.6616
FDD45,392.29663
NCL18,5392.926
NCM29,2127.058
FDF17,5424.4478
FDE22,2784.773
FDQ22,722.712
FDS01,2974.7524
FDW35,1034.7993
FDJ33,2050.487
NCF54,3031.6145
FDE09,1662.2213
NCE06,2627.0864
DRH49,1335.2572
FDY43,2720.8801
NCT05,4197.4854
FDZ34,3088.3535
FDL38,1400.6012
FDZ31,3155.9724
FDR14,935.2587
NCN54,1306.2677
NCC42,3506.82
FDK08,1617.2272
FDP59,1563.7091
FDV22,2547.1816
FDD33,3823.4568
DRE60,6074.52
FDK52,3987.5881
FDA02,2449.4783
FDM56,1677.6068
FDE57,2193.783
FDM32,1189.7247
NCQ30,3261.1665
FDQ27,2541.6611
FDT60,3279.124
FDU43,3991.6958
NCO55,1711.1624
FDG02,3088.3535
FDJ28,3164.179
FDP40,1812.6276
FDJ38,3088.3535
NCC54,3786.5598
NCZ41,2028.3069
FDK38,371.6969
FDU52,2418.5654
FDC40,1203.2942
NCR30,1228.797
NCN18,1872.0354
FDB50,1359.9226
FDG04,3164.179
FDR26,2992.0107
NCT17,2604.4482
FDX35,5907.34
FDS12,2050.487
NCZ29,3378.983
FDB38,431.1133
FDP12,690.01776
FDP22,868.813
FDS26,3480.08
FDR52,3134.2305
DRJ13,2563.3906
FDU48,3506.82
FDE29,971.5122
NCT29,2065.8723
DRK37,2578.9055
FDK55,1334.9205
FDR07,1526.4799
FDO21,5864.672
FDK46,4147.2983
FDB12,1613.0488
FDT31,5178.288
FDJ33,1987.5604
FDC26,2710.9946
NCQ02,3088.3535
FDP08,513.6358
FDB11,5599.2812
FDV55,2436.186
FDW20,2035.3436
NCJ18,403.5138
FDC41,1038.5955
FDE14,2552.4673
FDG35,2872.4666
FDF45,996.07587
FDS19,2235.2878
FDS58,541.32324
FDA26,3887.0476
FDM32,1371.2289
FDL45,2050.487
FDZ55,2583.1816
FDY37,2154.3
FDO46,3134.2305
FDQ60,1860.5762
FDA19,1939.937
FDL15,2405.8452
FDM10,2917.8955
NCL05,733.43884
DRK49,58.085842
NCE18,5959.907
FDG40,705.40314
DRI59,3795.4875
FDK28,4136.712
NCD06,108.17543
FDO11,933.4719
FDK27,1860.5762
FDT43,1438.512
FDD38,1484.9921
FDA16,3693.214
FDL14,3628.1584
NCM17,717.6689
FDD20,1987.5604
FDA40,1385.3325
FDL43,1301.0841
FDV15,1613.0488
FDE52,1394.4885
NCL17,401.84952
NCJ31,3717.3848
FDR60,1301.0841
NCA18,1909.5172
FDS21,1819.7604
FDW09,1388.1356
FDL26,2535.9995
FDS47,1229.7899
FDC39,3627.4177
FDT51,1858.2498
FDK40,4135.29
NCG19,3674.3438
FDZ07,943.80646
FDF08,2493.8564
FDO04,930.88995
FDK41,1133.3751
FDP15,4100.287
NCD43,1474.1859
NCP18,2428.265
FDZ51,1417.8253
DRH13,1728.9464
FDF38,692.7634
NCI43,809.4152
FDM38,1717.394
FDS03,1074.9364
DRJ47,3028.9966
FDT50,317.1925
FDV02,2944.1057
NCG18,1694.9156
FDW52,2707.1248
FDS40,756.74255
FDN31,3223.7354
FDA37,1987.5604
FDA15,4139.932
FDL39,2944.1057
FDJ53,1987.5604
FDX22,3698.9329
NCZ42,3905.797
FDD56,4783.1484
FDD40,3203.249
FDS50,3741.7217
NCN14,3220.9001
FDT15,3226.2122
NCS18,2559.6187
NCO26,352.5025
FDF58,755.77106
NCB19,1357.1007
FDH26,2197.228
DRB24,3637.858
FDA49,1158.1697
FDB32,1356.4323
FDI36,3223.7354
NCA17,381.02362
FDH22,2050.487
NCM26,2214.1953
FDT15,5067.6157
FDB16,1145.7285
NCP54,3279.124
FDJ36,1662.2213
FDO28,1797.6503
FDU09,930.88995
FDF29,2083.1812
FDY08,2127.058
DRJ59,501.98233
FDT23,2148.115
FDU15,501.98233
FDT47,1652.4203
FDI53,440.17984
FDR59,3502.9731
FDD53,751.2243
FDY51,3762.5007
FDT04,717.6689
FDU51,2970.7966
FDG14,2477.2058
NCU06,3998.8083
DRG25,3134.2305
DRH49,1386.5968
FDN15,2205.6396
FDL43,1038.5955
NCT18,3253.454
NCB31,3920.5007
FDK57,1909.5172
FDY04,440.17984
NCP54,2050.487
FDF41,3760.1245
FDM01,1613.0488
FDW03,1680.9363
FDF28,2006.8477
FDY37,2171.6086
FDQ03,3994.166
FDP51,3080.9219
FDJ40,1824.219
FDC32,1431.672
DRI49,2185.1292
NCW54,963.5841
FDF09,722.712
FDP45,3223.01
DRJ23,2599.1362
FDS59,1824.219
FDY08,2127.058
FDX16,2451.5713
FDY16,2647.1404
FDK32,2506.8464
FDQ22,702.2835
NCC31,2176.8008
FDG58,2433.9507
DRF48,3138.6362
DRH36,1177.3395
NCR30,1260.2178
FDB03,572.56116
FDZ28,3378.983
FDR35,3223.7354
DRD15,6090.2217
FDJ33,404.91223
FDA56,484.23322
FDP56,811.9932
NCT30,811.9932
FDK15,1617.2272
FDH44,2162.4214
FDV01,2393.0906
DRG03,2449.4783
FDG50,2399.5322
FDR16,547.5139
FDZ60,1611.0516
DRG03,2374.2283
FDS56,3485.162
FDU33,791.6669
DRD27,1626.3823
FDW22,3841.3645
DRA24,2666.6042
FDF38,728.47516
FDX48,2426.4866
FDS58,2171.3428
FDC32,1395.6451
NCQ29,3799.066
DRK39,1110.0383
NCS38,1893.2705
DRO47,1860.5762
DRG27,1066.4343
FDC57,5597.154
FDS55,2428.265
NCJ06,1671.002
FDO01,330.25644
NCM55,3119.4973
FDC52,2420.313
FDQ15,1122.156
NCT30,1351.3392
NCR42,1040.4912
FDD28,997.61475
FDQ34,1677.6068
FDZ12,3506.82
DRE13,385.33896
NCN07,410.16406
FDM28,3035.55
FDI10,3034.3086
FDQ25,2762.3237
FDA38,719.2441
DRI13,3645.2612
FDY20,2493.8564
NCZ53,3230.9038
NCM31,2428.265
DRB01,3223.7354
DRF37,4054.9534
NCF42,2970.4724
FDF16,2167.7334
FDB41,810.45435
FDR34,4114.2153
FDR15,2176.8008
NCV42,403.3026
FDW51,3601.5845
FDU36,1617.2272
FDX60,1336.796
FDY03,1909.5172
FDW55,4220.071
FDT01,573.05664
FDG58,2418.5654
FDK21,4197.4854
NCS41,520.9472
FDS10,3178.3372
NCT53,2757.8894
FDJ28,2604.4482
FDX44,1336.7743
FDT20,514.24805
FDO44,1694.9156
NCX17,3509.082
FDY01,1872.0354
FDJ12,5574.27
DRK35,501.98233
FDD47,445.765
NCM53,1709.6235
FDO45,1357.1007
NCM42,296.61743
FDE04,2918.8506
NCI30,5932.3
FDZ19,2935.1807
FDW57,2943.2305
FDA25,1673.0275
FDT22,943.80646
FDP51,1860.5762
FDD48,3062.9644
FDY39,3249.6104
FDO48,846.4335
FDD23,5005.582
DRN35,1040.4912
FDT01,3588.3992
FDC20,186.633
DRJ35,992.74725
FDB32,1366.6556
FDL24,2944.804
NCV42,1927.3013
FDZ46,1662.2213
FDC15,2378.1382
FDD08,27.876656
FDY50,1409.874
FDD36,1860.5762
FDG57,1438.512
FDL21,514.24805
FDN16,2559.6187
FDJ09,1183.6355
FDS01,471.51184
FDV33,4197.4854
DRE12,1908.2478
FDR07,1547.1212
FDP48,663.4814
NCB55,958.5957
FDQ08,943.80646
FDR34,4180.94
FDO33,1860.5762
FDP13,692.7634
FDX12,3991.6958
NCT06,2752.4585
FDR16,567.23816
FDE36,2757.8894
FDZ36,3183.4956
FDV13,1396.1387
NCZ17,738.95856
FDU56,3152.0564
FDM09,3023.6934
FDV02,3033.6104
FDS34,1638.7347
FDA11,1599.9183
FDP09,3771.6743
FDB29,3080.9219
FDT19,3034.3086
DRH15,705.3515
FDY38,3765.8025
FDF14,3637.858
FDN48,342.06277
FDQ12,4102.3584
NCJ43,2902.165
FDE17,371.6969
FDB05,4077.8435
FDH10,2540.1
NCR06,734.9777
FDU32,1890.6907
FDD56,2970.4724
FDO36,2303.5676
FDH16,342.06277
FDX10,501.98233
FDZ37,1429.8722
FDU31,586.37036
DRC49,2142.4434
FDL15,2392.547
FDN32,550.00214
DRH59,1989.4126
NCU29,2443.6501
FDR37,555.3457
FDS14,2195.5137
FDU02,6074.52
FDJ08,3160.3628
NCZ06,3853.673
FDO31,1336.796
FDH31,1474.1859
FDS58,2652.8955
NCA53,1333.3816
FDF50,3196.8518
NCW42,3881.3862
NCQ17,2374.4062
FDK51,3528.9456
NCW41,488.99457
NCR29,963.5841
FDB08,541.32324
FDA40,2220.8196
FDL14,2208.0686
FDB47,3668.9844
FDO03,4169.083
DRK13,518.4802
FDX13,1091.5105
FDF52,3196.2637
FDT11,3138.6362
FDB08,2567.7964
FDQ28,2188.6575
FDD29,4011.3413
NCQ29,5904.532
NCO02,1074.9364
FDR56,590.33936
NCM54,2065.8723
FDP51,1909.5172
FDT38,1332.2251
FDZ20,3530.8367
FDJ53,1985.4114
FDX13,4117.071
FDP58,3700.245
NCK31,135.84558
FDA35,1890.6907
FDV37,2604.4482
NCO07,5475.3984
FDA20,3088.3535
FDZ59,2779.7427
NCY17,696.60455
FDQ28,2569.8264
FDV35,2424.7122
FDQ36,690.01776
FDD34,2303.2197
FDK51,3935.8618
FDV31,2970.9363
FDR04,1651.2579
FDR14,922.93835
DRC36,448.83774
FDE39,381.5753
FDP57,1677.6068
FDE57,2127.058
NCN18,1791.5247
NCQ05,2167.7334
FDW47,1909.5172
FDV46,2156.2039
NCP29,1054.61
FDE09,1603.4895
NCU06,6210.9595
FDT19,425.8721
DRF15,2432.3096
DRI51,2761.6255
NCX54,1662.2213
DRE01,3795.751
NCB07,3102.3286
FDU50,1886.1804
FDG40,756.74255
FDW10,2258.2139
FDX51,3164.179
NCP17,1072.3584
FDP21,3230.9038
FDL04,1630.7972
FDV23,2050.487
FDF24,1321.4105
FDH56,3168.0947
FDB51,935.85486
FDI58,2497.1914
FDR20,810.45435
FDC51,1867.3539
FDB16,2160.468
FDE40,935.85486
NCM17,751.2243
FDU56,3242.7605
FDS32,410.16406
FDX02,3898.555
FDT39,3637.858
FDE35,963.5841
NCI42,648.15186
DRL23,1640.0411
FDA10,1967.0496
FDA11,1584.5328
NCM06,2418.5654
NCT05,4135.29
NCQ02,601.4482
NCY06,2115.119
FDY56,3932.1106
FDL02,1763.2179
NCI06,3023.6934
FDQ14,2352.784
FDQ12,4212.6787
FDP36,811.9932
FDK21,5959.907
FDO40,2396.4827
NCK54,403.3026
FDY09,2320.7363
NCW30,4077.0093
NCC55,1022.5335
FDE58,1638.7347
FDR39,3191.9102
FDU28,3160.2231
FDH08,4212.6787
FDG35,2563.3147
FDG22,705.40314
FDC34,2476.6406
FDP15,3444.1035
FDK34,698.9873
FDU45,1927.3013
FDQ04,1052.757
FDX22,3058.1345
FDB45,1596.4034
NCH43,5493.356
DRE60,3700.0532
FDD17,6090.2217
NCM54,2083.1812
NCH55,2050.487
NCT06,2796.6296
FDA48,5984.3354
FDY58,6210.9595
FDO25,3507.4058
FDN50,1565.4537
FDH35,2768.8455
FDK09,3854.7424
FDO16,1348.2925
FDW11,1054.61
FDU47,3488.8625
NCQ42,375.16074
FDK55,2388.726
FDN08,1875.9617
FDT57,3936.941
FDJ12,3058.1345
DRL59,901.50714
NCN53,716.8998
FDO51,65.68418
FDK56,3144.1157
FDY12,949.91254
FDU15,756.74255
FDQ19,3978.669
DRF15,2357.0596
DRE25,392.29663
FDK57,1672.5408
FDD33,633.4691
FDR34,6193.002
FDU04,1987.5604
FDE35,160.81528
NCD31,2791.9414
FDJ56,1612.2388
NCU53,2757.8894
FDD39,3725.679
NCU17,440.33136
FDJ20,1999.3168
NCW41,2215.9897
FDL52,751.2243
FDS39,2193.783
DRJ47,2916.1401
FDP13,84.58027
DRK39,364.26746
FDF28,405.6893
FDB09,2006.8477
FDM51,1584.5328
DRM49,623.95776
DRF23,2917.6877
DRH01,3021.521
FDH12,2559.6187
FDA28,404.91223
FDW37,1218.8943
FDF02,1673.0275
DRL37,702.2835
NCF43,2127.058
FDH08,747.57336
FDR34,909.0436
NCK19,3165.5352
NCD55,514.24805
FDT27,3997.0078
FDQ57,2365.3389
FDA47,2721.4004
DRG15,1814.3812
FDE05,2167.7334
FDN46,1662.2213
FDX27,2420.3606
FDT51,1728.5988
FDU33,717.22943
FDJ16,1743.602
FDD20,404.91223
FDT36,705.40314
DRF15,3632.4783
FDN52,324.73032
FDC22,5392.926
FDX15,2534.4026
FDT13,3176.0356
FDU04,2083.1812
FDU31,567.23816
FDW59,2165.8477
NCO29,2695.268
FDL15,2485.127
FDI41,2438.3381
FDQ48,1599.9183
DRI39,907.553
FDI08,4181.0625
FDC21,1806.9102
FDF58,1105.773
FDS08,431.93997
FDE47,1987.5604
NCP18,371.6969
NCR41,1580.5973
FDA27,3755.608
FDA43,3213.1199
FDA49,1408.1171
NCE55,2308.8796
DRM49,1220.6497
FDF22,5493.356
FDQ15,1072.3018
NCS54,3034.3086
NCY05,690.01776
FDR45,3951.674
FDK57,2065.8723
FDF41,1188.2402
FDV21,2050.487
FDD51,788.65625
FDF33,1785.5463
FDA38,4014.2954
FDR56,3102.0044
NCN41,2083.1812
FDC60,2412.2441
FDB47,3623.1074
DRH01,2972.58
FDW08,1662.2213
FDF38,1045.6055
FDY32,2705.1533
FDG34,1677.6068
FDG47,747.60034
NCF18,3207.8079
FDL39,401.76306
NCH55,2117.2124
DRJ35,959.19183
FDS44,3823.4568
DRE01,3280.1565
FDY39,3200.6694
FDY32,2315.444
FDR33,2730.3857
NCP50,1336.796
FDZ47,1365.9689
FDU57,2443.6501
FDY44,3176.0356
DRH59,1038.5955
FDB03,6002.3687
FDY46,3070.0615
FDM39,2864.0674
FDY36,1293.3561
NCM55,3287.0098
FDJ50,197.43918
DRL60,2428.265
NCJ54,3997.0078
FDX59,722.712
FDI07,3164.179
DRF51,50.437157
FDM14,1705.7218
FDP21,3088.3535
FDE40,1100.5406
FDE05,2494.9897
FDM13,3506.82
FDC34,3684.1248
NCI55,1889.1519
NCE43,2352.551
FDW58,1411.3904
FDG60,3248.1416
FDV31,2954.6892
FDR47,3172.1
FDM60,40.14239
NCF06,3420.8257
NCN26,3062.9644
FDQ59,1372.4862
FDF09,690.01776
NCS06,4600.2075
FDT44,1860.5762
FDI19,4068.1729
FDT22,955.26556
NCF54,4458.324
DRG25,3088.3535
FDB59,3186.1562
FDQ37,3175.4043
FDP56,860.934
FDW44,3041.4773
FDJ26,584.91345
FDU43,3335.5122
FDW33,1613.0488
NCX53,3488.8625
FDN56,423.8816
DRF15,2415.001
FDO33,1893.2705
FDZ39,295.07852
NCJ19,940.8102
FDU01,3330.413
FDT12,3894.7112
NCM18,755.77106
FDP19,2061.946
NCR42,705.40314
FDN10,1860.5762
FDG44,963.5841
FDQ10,2944.804
DRH13,1677.6068
FDT52,3945.996
FDM56,1747.886
NCO43,364.50485
NCV29,3041.4773
NCF06,4061.624
FDO50,1477.5725
FDT59,4102.3584
FDX40,1077.5054
FDE50,3261.2114
FDX51,3223.7354
NCD30,1394.9584
FDK15,1662.2213
FDL12,942.76733
FDK46,4242.2334
DRH49,386.0655
FDQ57,2428.265
FDY59,1450.5197
FDO09,3430.4487
NCG30,2076.6545
FDM09,2821.88
NCN17,2559.6187
NCS42,1417.8253
FDD02,403.3026
FDE34,3194.6902
FDU38,3088.3535
FDB33,2425.9314
NCJ29,1389.795
FDZ27,855.38104
FDI40,1584.5328
FDG22,690.01776
FDT51,1824.219
FDF20,2604.4482
FDV50,2054.8562
FDT02,682.06616
DRC49,2460.9587
FDF26,2443.6501
FDV52,1911.947
FDX59,705.40314
FDV25,3894.7112
FDW23,1052.757
FDE53,1474.1859
FDA19,2132.4275
FDH22,2050.487
NCO41,1584.5328
FDX12,4086.631
FDF17,3138.6362
FDS11,3795.4875
FDR51,2455.9707
FDT49,307.42358
FDC56,1985.4114
FDR13,3062.9644
FDQ60,2013.1173
FDN38,3978.9214
NCL29,2437.0781
FDO13,4103.8525
FDE26,2167.7334
FDA31,425.8721
FDX14,1252.2352
FDA34,2902.165
FDF26,2509.0288
FDE38,2664.1936
DRI11,1860.5762
FDQ60,3080.9219
FDL21,1034.7993
DRC12,5424.4478
FDC47,3849.8103
FDE57,2064.132
FDT14,1909.9307
NCZ53,3134.2305
FDE28,3352.3076
FDR19,2455.9707
NCF54,445.83987
FDZ08,1321.4105
NCJ05,2152.722
FDF59,2050.487
NCO05,1711.1624
FDW24,623.95776
NCX42,2277.677
NCA53,878.718
FDI45,445.83987
FDG46,1860.5762
FDM20,663.3608
FDW11,157.72362
FDX08,3041.4773
NCK17,769.0083
FDK32,2179.59
NCA42,2660.064
DRI01,3041.4773
NCL55,4102.552
DRE25,1396.4972
FDD14,3184.09
FDB10,3951.674
DRN11,2455.9707
FDP38,634.764
NCA30,3138.8037
FDT15,3285.7686
NCP55,742.85455
FDF12,2477.2058
FDM21,3549.7017
FDX56,3759.7305
FDF10,2451.5803
FDT32,3102.3286
FDM51,1474.1859
NCR50,2152.722
FDI19,3973.238
FDX21,1694.9156
FDR31,2477.2058
FDY02,4155.7593
NCA29,2902.165
NCX17,3443.107
FDM12,3119.4973
FDI53,3917.9346
NCU30,2715.059
FDC56,3366.2969
FDK27,1890.6907
NCK18,2821.88
FDB52,1016.18604
DRG25,4987.6245
FDZ13,895.0046
FDB57,704.6991
FDR40,1321.4105
NCO14,55.088272
NCN19,3088.3535
FDQ28,361.99753
FDO13,2303.2197
FDK48,1321.4105
FDU07,2167.7334
FDW20,1999.3168
FDV12,340.52945
FDH24,2559.037
FDV59,3633.4045
FDK57,1922.4855
FDL16,1220.6497
NCQ17,2407.3838
FDJ15,2604.4482
FDX24,1433.2108
FDT47,1652.4203
FDT10,959.19183
FDZ37,1209.1425
FDW43,6383.6655
DRN36,1617.2272
FDJ14,1311.8903
FDA32,3629.876
FDJ38,550.00214
FDQ57,2460.9587
NCQ41,550.00214
FDG56,959.19183
DRC13,3279.124
FDV55,2485.127
FDQ49,2409.9878
FDE29,162.34885
FDR03,3710.7896
FDD45,1433.2108
FDN38,773.41943
FDT56,930.88995
FDT48,3155.38
FDU03,2970.7966
FDC56,352.5025
NCO43,2497.1914
FDQ27,1762.8031
FDR03,3680.841
DRH23,191.25822
FDG22,701.2444
NCJ42,1660.6825
FDR24,1417.8253
FDW60,3015.9346
FDJ08,3132.657
DRL59,680.7775
FDG60,532.19946
FDW27,2444.4834
FDX14,1110.0383
FDC20,930.88995
NCS29,3251.0315
FDJ56,1662.2213
FDB20,349.64865
FDL28,6210.9595
FDW01,2179.59
FDL03,3108.277
FDX22,3714.318
FDJ21,2506.8464
FDR31,2365.3389
FDG21,2474.5916
FDS22,1034.7993
FDK08,1612.2388
FDE17,2162.4214
NCN30,1617.2272
FDT50,1561.196
NCX42,2715.059
FDJ12,3765.6577
NCA18,3080.9219
FDP23,567.23816
FDX12,3976.3105
FDN40,2167.7334
FDV48,1370.3516
NCY54,2943.2305
FDL16,131.40707
FDR45,3340.8242
FDJ52,2626.012
DRG01,1354.1049
FDP52,4097.0464
FDU58,3223.7354
FDL02,1684.3916
FDG28,3945.996
FDA19,2099.4285
FDW46,1924.7356
NCD43,1677.6068
DRG39,845.476
NCF55,705.40314
FDJ07,1860.5762
FDE08,2402.3115
FDP56,108.17543
FDT45,878.67334
FDF17,2578.9055
FDX44,1357.1007
FDM28,4707.5776
FDI36,3179.5642
FDS07,1797.6503
FDD36,1797.6503
FDW11,943.80646
FDN40,2433.9507
NCQ18,1599.9183
NCQ54,2833.7366
NCS42,1368.6528
DRH39,219.83409
FDC09,2646.7915
FDT08,415.32532
FDC08,3881.563
FDT20,722.712
FDS35,1102.6423
FDX58,2666.4814
FDW58,1578.7844
DRD27,1539.0159
FDH32,393.27295
FDS26,4008.1877
FDQ31,1357.1007
FDP11,3048.8872
FDD58,1617.2272
FDM33,3598.4534
FDZ16,3159.899
NCS29,1110.1268
NCM18,160.81528
FDP11,3705.0708
NCC42,2171.6086
DRM23,2925.1387
NCN55,6090.2217
FDK46,4131.913
FDR01,3196.8518
NCA05,2094.4724
NCP43,3042.2297
FDR12,480.2848
FDQ01,3827.982
FDM13,2127.058
FDQ19,4056.3167
FDK56,518.4802
NCX06,675.3382
FDO56,3168.0947
FDU45,1816.9375
FDI16,185.82841
FDL32,1860.5762
FDA07,2050.487
FDA14,2383.9277
FDV46,3488.8625
NCO07,3731.6062
NCP41,1662.2213
FDY60,1967.2615
FDN38,3928.9312
FDO15,1226.631
FDT60,2050.487
FDA55,3932.1106
FDE02,351.3356
DRJ39,3724.764
FDV34,1293.3561
FDS20,5240.322
FDF02,2607.439
FDW40,2150.3735
NCB43,3076.7551
FDR58,1450.5197
DRJ59,769.0083
NCD30,1615.6884
FDE14,1628.0333
FDC28,1474.1859
FDU16,1131.8363
NCD19,997.61475
FDU21,690.01776
FDV59,5493.356
FDU03,3134.8877
FDC33,601.4482
NCR42,756.74255
DRH59,1275.572
NCM31,2193.783
FDS50,3932.1106
FDP39,922.2068
FDQ55,1860.5762
FDV36,404.91223
FDI05,2185.1292
FDS45,2541.6611
FDA39,681.95715
FDC37,296.61743
FDJ60,4293.2544
DRQ35,2050.487
NCJ06,1838.396
NCY42,2167.7334
DRM37,3191.421
FDR14,835.9317
FDE51,709.27783
FDT33,2821.88
FDR08,1859.0374
FDE36,431.04556
FDL22,392.29663
FDR44,2127.058
FDI56,392.29663
FDE47,405.6893
FDV27,342.06277
FDV10,717.6689
FDC40,1307.8165
NCX41,3693.6208
NCQ38,2541.6611
FDV12,2559.6187
FDE52,1395.7292
FDG20,4783.1484
FDV16,1040.4912
FDI32,1872.0354
FDJ32,959.19183
FDN39,2335.0146
FDY34,2821.88
FDC14,779.8146
FDA55,3993.49
FDZ50,716.2323
DRG13,2752.4585
FDP01,2474.7268
NCG54,3034.3086
FDM13,2064.132
NCO18,4689.62
NCW41,2445.2534
FDM52,3637.858
NCF55,756.74255
FDT09,2138.9148
NCM19,1840.4657
FDW12,2167.7334
FDP15,776.8689
FDK36,791.6669
FDZ25,3053.334
NCW06,3191.421
FDW60,3007.4253
DRC49,2428.265
NCT17,3213.1199
NCN06,2315.444
FDC45,2955.0872
DRJ47,445.83987
NCF06,4096.445
FDE21,343.9462
DRG27,678.94653
FDW40,2154.3
NCO53,3144.0393
FDE23,732.6148
FDQ16,1640.0411
FDS26,3446.5803
FDZ13,142.21326
FDS14,2429.3804
FDC10,1797.6503
FDY16,3174.2522
FDJ20,2084.074
FDV43,751.2243
FDZ32,2646.7915
FDR23,2956.6606
FDN24,949.91254
FDE34,5036.0938
FDU31,3618.0193
FDW33,1474.1859
FDU26,1837.2394
FDE20,4400.347
NCW05,1688.3884
FDB22,2167.7334
FDO56,1860.5762
FDA19,3515.402
DRI39,898.00867
FDH52,755.77106
FDZ50,3275.153
NCN42,2489.6777
FDB53,2428.265
DRG11,1694.9156
DRK11,3637.858
FDQ60,2061.946
FDT36,701.4769
DRG25,2604.4482
DRJ23,3108.277
FDG05,2642.28
NCK06,1905.668
FDU52,2451.2593
FDW07,1194.4008
NCM17,696.9031
FDA22,2689.7363
NCA41,2616.305
FDF38,779.8146
FDH52,943.80646
FDY58,653.5364
FDZ16,3102.0044
NCM18,976.5006
FDA22,2340.3267
NCJ43,3041.4773
FDI34,6250.108
FDG56,943.80646
FDS34,1806.1288
DRC01,878.718
FDQ04,751.2243
FDK04,979.83075
FDT51,1806.9102
FDV26,3203.249
FDS04,2142.4434
FDW43,3556.0437
FDQ28,417.48276
NCK06,2098.1584
FDS23,1954.9143
FDZ36,518.4802
FDE56,755.77106
FDW10,4689.62
NCN14,3102.3286
NCQ18,1554.6476
FDW08,1694.9156
FDU43,4025.2515
FDR33,296.61743
FDM24,423.8816
NCZ05,1662.2213
NCV41,1927.3013
FDV11,2308.8796
NCY05,738.95856
FDV44,2604.4482
FDW32,1335.2572
NCU18,3506.82
NCC43,4135.29
FDW19,1791.5247
FDN31,3213.1199
FDI48,791.6669
FDS24,1352.0074
FDF46,1875.9617
DRG23,2460.9587
FDG14,2167.7334
NCY30,2969.6514
FDO28,1890.6907
DRD24,2193.783
FDI33,1433.2108
FDN32,3146.0872
FDR16,3473.3542
FDF26,2418.5654
NCN29,623.95776
FDE20,2689.7363
FDA46,3102.7085
FDU28,3102.3286
FDQ48,1535.3604
FDV36,2048.9482
FDR14,710.8344
FDP23,3775.202
FDP56,811.9932
FDK48,304.2446
FDR48,2428.265
NCY29,946.2753
FDM22,691.67706
DRJ01,2668.1519
FDZ43,3870.1707
FDV03,2479.363
FDX11,5111.8105
NCA41,5424.4478
FDE38,2796.3372
FDI27,600.6208
FDN32,3238.0688
NCN43,2083.1812
FDB47,5574.27
FDV03,2481.8828
NCN30,1554.6476
NCV54,484.23322
FDV07,1662.2213
FDP07,3160.2231
FDK48,973.9186
FDM15,371.6969
FDY19,3168.0947
FDK46,4101.966
FDY11,1054.61
FDH09,882.65076
FDO08,4303.824
FDU14,4105.9775
FDD22,3080.9219
FDM27,2448.5369
FDL02,2607.439
NCA17,2475.862
FDE38,440.17984
NCG07,3179.5642
DRC27,3720.7524
FDA27,3818.907
FDW40,2075.9888
DRI11,1860.5762
FDN50,1595.339
FDR12,2944.804
FDT34,2596.6328
FDW11,992.74725
NCO30,5049.658
FDZ34,3223.7354
FDU45,1893.2705
NCD42,756.74255
FDX25,2915.816
NCR29,930.88995
FDX43,477.28696
FDB04,301.39337
FDR49,1399.1595
FDS39,1967.2615
FDW58,1401.8535
FDG22,27.876656
FDG31,1071.7422
NCV53,6072.264
DRJ37,2477.2058
FDV07,1858.2498
FDW52,2315.0764
FDT15,3088.3535
FDD02,1672.5408
FDM16,1293.3561
NCE55,2913.282
FDB57,3309.8228
FDQ04,702.2835
FDQ47,27.876656
FDY14,750.59564
DRK37,3198.1926
FDO25,3580.661
FDL57,4113.8223
NCK29,1905.668
FDK46,5959.907
NCB43,542.6255
DRE01,6002.3687
FDC46,2628.5293
FDQ23,1613.0488
FDX38,804.0416
FDG60,3406.3167
FDW55,3831.073
FDP39,811.9932
FDB20,1133.3751
FDV21,2061.946
FDZ02,1561.196
FDP19,3466.1558
FDA38,3987.1782
FDH22,1987.5604
DRM11,3945.3655
FDO12,5406.49
FDT14,1977.4601
FDW34,663.3608
FDG04,4987.6245
FDW59,1169.0653
FDR33,1474.1859
FDP32,2050.487
FDL13,6090.2217
FDD22,1860.5762
FDV40,1906.778
NCD55,702.2835
FDQ20,58.085842
FDD28,910.5636
FDC39,3532.9485
NCR17,1875.9617
DRO35,1672.5408
FDF40,4020.024
FDR31,2167.7334
NCQ41,3235.592
FDP38,822.79944
NCU54,5548.469
FDG22,501.98233
DRK59,3922.753
FDC37,1662.2213
NCO42,2325.979
NCT42,2460.9587
FDX27,1612.5669
FDV40,1038.5955
FDT45,1706.5879
FDS47,385.33896
FDR45,4048.3474
FDB03,3761.1628
FDO49,988.9316
FDU60,4293.2544
FDB26,691.58374
FDB46,3637.7427
FDQ37,518.4802
FDN03,4197.4854
NCX30,4042.485
FDK32,286.57642
DRM47,3164.179
NCO02,1161.954
FDP04,1074.9364
NCO43,1745.4943
FDD59,1321.4105
FDQ10,3034.3086
FDW45,2502.911
NCK30,4159.1553
FDU31,2977.221
NCQ17,361.99753
FDN01,3034.3086
FDZ19,2950.566
DRG37,2481.8828
FDE32,500.37543
FDO34,2789.5657
FDM04,108.17543
FDZ25,3001.9944
FDU08,1599.9183
NCW30,4096.445
NCM18,943.80646
FDS22,769.0083
NCH18,4170.964
FDC23,2982.6736
FDY46,3126.5999
NCU06,4084.2678
FDX57,1554.6476
FDX36,5839.336
FDL16,791.6669
FDT16,854.8225
FDN16,1474.1859
FDC03,3134.2305
DRF60,3981.6226
FDS27,5406.49
FDP33,806.96515
FDJ36,1474.1859
NCR42,690.01776
FDV14,1364.9194
NCP42,3230.9038
FDB50,2195.9353
NCC30,4689.62
FDA23,1474.1859
FDW16,1450.5197
FDQ52,434.85373
FDB58,2443.6501
NCP29,1090.3219
NCM05,3821.8633
FDO25,3569.2021
NCM54,2050.487
NCL54,2944.804
FDL39,447.84808
FDF53,2274.5776
NCQ42,2101.858
FDF58,1039.0479
FDZ04,1141.6615
FDE26,410.16406
FDS60,2932.0227
FDV58,2832.4268
FDM04,848.48663
FDE08,2471.8938
NCB43,3142.7302
FDU11,429.22296
FDF22,463.0501
FDE24,2138.9148
DRJ49,2127.058
NCQ53,4060.204
NCL41,690.01776
FDR22,1757.7186
FDH04,1484.5504
DRH15,669.4022
FDY40,827.3786
NCI17,1612.2388
NCC18,2969.4404
FDY28,5530.9766
FDB45,2646.7915
NCL30,1889.1519
FDM10,3665.112
FDH22,3378.983
NCZ53,3223.7354
NCI18,3866.001
FDH14,3506.82
FDR36,1089.7711
FDW01,2396.4827
FDK02,3080.9219
FDJ02,2179.59
FDU55,4171.634
NCV18,2220.8196
FDH14,1979.1183
FDZ37,1379.459
FDX49,3785.5935
NCD43,1662.2213
FDZ07,943.80646
FDK43,2117.2124
FDR32,3402.6917
FDT39,2428.265
NCV54,2018.1057
FDF38,525.05426
FDV60,3076.7551
FDH44,3785.4285
FDS21,889.3591
NCL41,669.6914
FDM46,1595.9921
FDU27,778.8702
NCJ54,4091.943
DRG51,2290.6648
NCA29,477.28696
FDR47,3115.5618
NCL19,3488.8625
DRG01,1242.0165
FDG10,930.88995
NCV05,2443.6501
NCH18,670.29425
FDV14,1144.1897
DRJ23,3207.8079
DRJ11,3134.2305
FDZ03,3223.7354
FDI27,103.44494
FDJ14,1144.1813
FDU32,2018.1057
FDD47,4426.8022
DRF36,3242.7605
FDM21,3981.704
FDV10,514.24805
FDH60,2599.1362
FDX47,398.85004
FDT19,414.318
FDO11,3776.1262
FDH24,3697.6892
FDL02,1463.2903
FDB02,2990.1377
FDA43,3134.2305
FDG52,791.6669
DRC12,3172.1
FDY37,1979.1183
NCU18,2095.276
FDU09,979.83075
DRJ25,1388.3534
DRE12,1687.5181
DRL47,2081.6423
DRK01,1584.5328
FDC22,518.4802
FDG44,922.2068
FDW04,2175.999
FDK09,3912.637
NCN43,2117.2124
FDG04,3179.5642
FDH32,340.52945
DRI47,2472.8154
DRE15,1203.2942
FDY11,1228.6791
FDO60,731.0759
FDQ20,514.24805
FDO57,3917.9346
FDT14,379.96567
FDA57,683.86285
DRN35,722.712
FDJ03,788.65625
FDX28,1673.6805
DRE25,1387.9401
FDR09,3981.246
FDB23,3881.563
FDO08,2652.6292
FDQ23,1677.6068
FDW04,2127.058
DRK13,578.48254
NCL17,3506.82
FDY21,3172.2195
FDJ38,4987.6245
FDA37,404.91223
FDV43,717.22943
FDL36,1417.8253
FDD53,701.2444
FDZ19,423.00348
FDV21,1987.5604
NCL54,2308.8796
DRI47,3637.858
DRG03,2441.237
FDG21,2453.9595
FDW03,1542.0734
NCI55,2028.3069
DRC36,445.83987
FDH22,2061.946
FDV20,2005.3088
NCU41,5424.4478
FDN46,2596.6328
FDK50,2652.6292
NCA05,3637.858
DRH01,2306.7073
FDT08,2167.7334
FDM08,3230.5146
FDZ07,992.74725
FDS22,844.6874
FDV35,3664.8828
FDI28,387.6044
FDW58,2541.6611
FDT52,3984.8193
FDY34,2695.268
FDR10,2575.2473
FDK57,2018.1057
FDR02,2518.324
FDX49,3828.4238
FDQ20,702.2835
DRK23,4056.0894
NCW06,3146.0872
FDR31,2460.9587
NCE43,2730.8018
DRO59,2148.115
FDN09,3973.238
FDR11,2531.8687
FDO57,2627.1255
NCX18,3235.592
FDB05,3406.704
FDQ08,755.77106
NCG43,1631.935
FDJ56,1662.2213
FDA13,72.31454
FDO56,1893.2705
FDB37,3420.1323
FDZ02,1373.1604
FDQ24,4113.8223
FDM16,1226.631
FDU35,1599.9183
FDT35,2805.9526
NCX30,3962.0469
FDG04,3223.7354
FDI12,1406.0417
FDE35,992.74725
NCP14,2596.6328
NCY53,1746.3472
FDP49,963.5841
FDQ04,734.9777
FDM39,2985.5957
FDO58,440.17984
FDC56,1872.0354
NCQ54,2744.232
FDV10,1052.757
NCK17,702.2835
NCF55,1022.5335
FDV33,4087.1667
NCH29,393.27295
FDA37,3279.124
FDH46,1474.1859
FDS25,1819.2306
FDH04,2388.726
FDX52,3134.2305
NCD42,722.712
FDW47,2083.1812
FDL25,2443.6978
NCJ06,482.6943
FDY09,2986.6091
FDS40,690.01776
FDH41,3702.6912
FDG38,1416.8479
FDU03,4693.5483
FDV20,2028.3069
DRB13,3062.8108
NCQ30,1985.4114
NCH06,4001.7751
FDU50,1649.204
NCO42,371.6969
FDW09,1133.3751
FDH04,1417.8253
FDC21,1632.336
FDL21,717.6689
FDM46,342.06277
FDT22,160.81528
FDB28,3199.0908
FDI12,1198.3363
FDA28,2006.8477
FDF59,2050.487
FDM45,3279.124
FDQ56,1332.8698
FDR46,2455.5068
FDT01,3513.8313
FDD16,1989.4126
NCU30,418.80466
FDM40,401.84952
FDI56,1466.7664
NCS30,2050.487
FDU08,1617.2272
FDX51,5406.49
FDA43,3088.3535
FDX59,56.88314
FDC37,1474.1859
FDP58,3513.8313
NCY42,2193.783
FDF21,2604.4482
FDU10,1052.757
DRL47,1889.1519
FDA58,3340.8242
FDJ22,3141.985
FDK50,2563.3906
FDO38,1381.1577
DRF60,4030.5635
NCZ42,788.3064
FDD35,1875.9617
FDL25,1368.6528
FDJ16,930.88995
DRK59,3938.1382
FDI50,4072.4111
NCB19,1336.7743
DRI37,971.5122
FDA14,3632.4783
FDC08,3346.9956
FDS45,1730.1088
FDI21,1117.2039
DRJ47,3018.3813
DRE37,4991.5527
FDT55,2171.3428
NCG42,3428.2292
FDA31,2958.6157
NCW42,3815.4111
FDF50,3118.573
FDK56,3148.0422
FDX10,717.7235
NCK07,4081.3335
FDZ49,3741.4604
FDR33,1662.2213
FDO44,1603.4895
FDA20,3196.8518
NCL30,2005.3088
FDI05,276.96393
FDQ12,3461.5613
FDH47,1617.2272
FDH34,2604.4482
FDF29,2138.9148
FDG40,501.98233
NCE18,4197.4854
FDP21,601.4482
FDY50,1394.4885
FDB36,2130.0962
NCZ29,2065.8723
FDU20,1671.002
FDO56,1860.5762
FDW31,3179.5642
DRH59,1226.631
NCB30,3235.592
FDK43,3361.0254
FDW43,3982.0977
NCL19,2171.6086
FDJ27,1584.5328
FDC45,2712.71
FDY40,860.934
NCM41,1484.5504
NCK18,440.17984
FDP37,2115.119
FDA27,5807.4067
NCX30,3799.334
FDR09,4091.3923
FDG08,4783.1484
NCU30,2699.6738
FDB16,1395.7292
FDM16,1259.3253
FDC48,1321.4105
NCF18,3108.277
FDU46,1169.0653
FDH41,2955.4746
NCN42,394.8391
FDU49,1438.4272
FDB20,2235.2878
FDG50,403.10278
FDW20,1720.4678
NCO55,1677.6068
FDX48,2405.8452
FDU48,2101.1047
FDR48,371.6969
FDK27,2050.487
FDT35,2719.9045
FDN12,1677.6068
NCE31,27.876656
FDL21,734.9777
FDV56,1694.9156
FDR16,3546.6094
NCP41,1677.6068
FDJ27,1662.2213
FDA07,2083.1812
FDK55,1431.672
FDM33,3735.3606
FDY46,3076.01
FDD36,1860.5762
FDB12,2596.6328
FDF28,404.91223
NCE07,410.16406
FDW50,4091.2979
NCW18,4103.7993
NCJ17,385.33896
DRZ24,492.78952
FDS07,1927.3013
NCW05,249.35931
FDZ22,1133.3751
FDK02,1860.5762
FDZ45,5406.49
FDL25,1417.8253
FDS08,2876.6223
NCZ42,6072.264
FDX57,1633.4739
FDF21,3134.2305
FDJ56,1396.4972
FDX10,690.01776
DRG48,2494.9897
DRN37,2718.3462
NCY41,501.98233
FDN28,1613.0488
FDE34,2884.672
FDR10,2683.773
FDC32,1448.9808
DRG13,2707.1248
FDP59,1579.0946
NCT53,431.04556
FDL57,5992.3853
FDN32,613.305
FDK09,3337.911
FDA52,460.403
FDC57,3174.2522
FDI09,3752.6816
NCB07,3108.277
FDP26,1666.5905
FDP40,3080.9219
FDL15,2436.186
FDV07,1791.5247
FDS03,1107.6307
FDE50,3217.0403
FDQ15,1271.7964
FDQ33,423.8816
FDT22,930.88995
DRO35,1927.3013
FDJ41,4102.552
FDQ27,1779.0497
FDC26,1872.0354
NCF43,3488.8625
NCR50,2570.4417
FDE39,1649.204
FDN49,1089.7711
DRG11,1711.1624
NCA18,1875.9617
FDM36,2308.8796
FDW32,1388.2562
NCQ18,340.52945
FDX14,1966.0758
FDD46,2439.7236
FDI34,631.70337
NCJ17,1384.8066
FDB52,3904.3674
FDV55,2175.6545
FDC57,3108.277
FDB29,1860.5762
NCO43,1701.3612
FDG44,901.88043
FDJ34,1987.5604
FDH40,1336.796
NCD07,3080.9219
FDB41,843.1485
FDH47,1396.4972
DRK37,3187.5771
FDM25,414.318
NCX06,3152.0564
NCS05,2159.752
FDS39,2064.132
FDC47,5923.0415
FDG20,2955.0872
DRL23,1693.3768
FDY33,2591.1667
NCH18,3870.1707
FDX47,2478.5144
NCB06,2551.8955
FDP36,827.3786
FDW44,2308.8796
NCU41,2599.1362
NCS17,1562.3527
FDD46,2439.4954
FDE45,3034.3086
FDI09,3634.1726
NCJ54,624.91284
NCA29,2308.8796
NCN41,3279.124
FDY34,2791.9414
NCG55,1927.3013
DRM49,717.22943
NCB42,1875.9617
FDE58,1783.1315
DRJ25,811.9932
FDS47,324.73032
FDY21,3159.899
NCI54,1791.5247
FDO24,2573.276
FDY43,2809.0923
FDF35,1474.1859
NCP29,221.79668
FDN28,2541.6611
FDJ50,691.58374
FDQ14,3632.4783
FDC37,1728.9464
FDN08,1860.5762
FDD04,2182.3025
FDW34,3305.1978
FDP04,1107.6307
NCG07,3223.7354
NCN14,2647.1404
FDJ16,910.5636
NCM42,1613.0488
NCF19,811.9932
FDY21,2628.5293
FDY19,1907.9784
FDV09,2365.3389
FDA28,2050.487
FDC38,1979.1183
FDL28,4026.5342
NCH43,3633.4045
NCN53,696.5734
NCW05,1656.9677
NCO30,2599.1362
FDT04,27.876656
FDB27,2604.4482
NCK07,2725.2166
NCA53,811.9932
FDB33,2179.264
FDU37,1364.911
FDR13,1927.3013
FDE45,2990.1377
FDV37,3223.7354
FDX44,392.29663
NCL06,4254.0903
FDJ28,3088.3535
FDX55,3645.2612
NCK17,514.24805
FDH52,992.74725
FDN13,2596.6328
FDK44,2332.9607
FDU16,1299.2303
FDZ07,976.5006
NCN06,4072.3308
FDH02,352.86893
NCW18,3936.941
FDH57,2099.7336
FDV35,2369.6145
NCU29,2428.265
NCP02,930.88995
FDN44,2593.339
FDX03,529.1939
FDR11,421.3818
FDA36,3258.885
FDP58,5450.0625
FDH31,1535.3604
FDH34,3230.9038
FDS13,3689.5212
FDT01,2977.221
FDY09,3001.9944
FDV33,5959.907
NCW29,405.6893
NCN17,1613.0488
FDX01,1860.5762
FDL03,3174.2522
DRL59,946.2753
DRM11,5782.1855
FDA43,3179.5642
FDZ56,492.1416
FDI44,1133.3751
FDB50,1332.2167
FDU15,27.876656
NCJ19,185.82841
FDD48,1860.5762
NCW42,4059.942
FDL24,3034.3086
NCB30,3176.0356
FDK25,2730.8018
FDW28,3174.2522
FDD47,2954.6892
FDK16,392.29663
FDW37,1469.8809
FDA48,3700.245
FDA14,2449.4783
FDV15,1662.2213
FDN22,3920.2195
NCD55,681.95715
FDY43,2760.1514
NCU05,1354.1049
FDF10,2467.8274
FDR39,2632.1794
FDG40,690.01776
FDZ28,404.91223
FDE02,1546.1665
FDU60,2772.397
FDM21,4032.294
FDV52,403.3026
NCW06,3176.0356
FDX36,3706.5447
FDT35,4293.2544
NCL19,413.38913
NCD31,2695.268
FDE53,440.33136
FDW58,440.33136
DRF48,3196.8518
FDW57,2970.9363
DRH13,1694.9156
FDT33,2762.3237
DRK47,5756.1353
FDY22,399.7321
FDC35,573.23236
FDO03,4102.3584
FDF24,1320.3713
FDF56,2332.9607
FDD28,930.88995
FDG53,3506.82
FDO27,393.27295
NCF54,2316.8008
FDC20,1793.7606
FDU10,702.2835
DRA24,2297.9077
FDA02,381.81305
FDG10,963.5841
FDW39,471.51184
FDP04,221.79668
NCM55,3176.0356
FDG47,4166.736
NCU41,3218.4233
NCK31,901.50714
FDZ46,1613.0488
FDU13,3655.8154
NCF19,791.6669
NCJ43,2974.7524
NCJ05,2369.6145
FDS04,3506.82
FDX28,354.51016
FDB41,1220.6497
FDG53,2127.058
FDL15,423.24652
FDQ08,959.19183
DRN36,1584.5328
FDI46,4131.913
FDG16,5518.475
FDV32,1039.0479
FDF44,401.53232
FDK04,742.85455
NCA41,3176.0356
FDD51,705.3515
NCZ53,3088.3535
FDP01,3655.8154
FDY25,2990.1377
FDB17,2308.8796
NCV54,1672.5408
FDJ32,1107.6307
FDA37,2065.8723
FDG35,2954.3657
NCM05,2873.5203
FDG45,3588.0708
FDH28,702.2835
NCE18,4102.552
FDH38,1797.6503
FDR56,3144.5137
FDH17,2479.234
FDD39,3645.2612
FDB41,825.8397
NCR53,3700.0532
FDX46,963.5841
FDV28,705.40314
FDA08,2303.2197
FDH45,713.7427
NCS38,352.5025
FDD40,580.96204
DRM59,2409.8691
NCJ43,2308.8796
NCN29,811.9932
NCC19,3062.8108
FDR56,3193.4546
FDZ43,3961.3813
FDJ32,252.96526
DRH03,1427.1829
NCZ54,2786.0142
FDE26,2460.9587
FDS03,1054.61
DRZ24,403.5138
FDO48,5613.923
FDW39,2990.1377
NCK05,1052.8945
NCK30,4254.0903
FDT27,3340.8242
FDS08,414.318
NCJ19,944.73645
FDC58,681.95715
DRE37,3150.15
FDW02,2108.8525
FDJ02,427.18213
FDX09,2902.165
FDT31,596.13617
FDI24,2990.1377
FDY09,2933.3088
FDV28,688.97864
DRM47,3179.5642
FDT52,445.05075
FDI48,691.67706
FDY55,4202.548
FDU48,2121.746
FDN25,910.5636
FDP20,2064.3335
FDJ15,3164.179
FDD04,1955.7815
FDY58,4026.5342
FDR37,2678.3381
FDF44,2099.7336
FDD32,1320.3713
FDR57,2444.4834
DRG39,1683.2511
FDX15,2585.1326
DRN37,2652.6292
FDW40,3488.8625
FDB32,1569.39
FDM40,2168.1294
FDE39,3255.7869
DRH49,1352.566
FDT46,827.3786
NCF06,4109.7485
FDP07,3204.3943
FDC04,3993.4792
FDZ32,1694.9156
FDD50,2729.0066
FDU56,3265.0662
FDV34,1194.6483
NCY41,690.01776
NCK18,2695.268
DRH25,936.0533
FDT57,3963.5308
FDV56,1474.1859
FDV12,1554.6476
FDN52,1397.8309
FDX38,837.59705
FDE47,1890.6907
NCO07,3698.9329
FDV09,3637.858
FDZ23,518.4802
DRH51,1174.9995
NCY54,2884.672
DRG49,3720.7524
NCC19,3139.9924
NCV53,3905.797
FDZ47,440.33136
NCO26,1672.5408
NCP02,923.4801
NCW30,3420.8257
NCN55,3963.5308
FDB20,304.2446
DRL11,2468.6
DRD60,3227.773
FDW14,301.39337
FDL27,202.64687
FDU09,742.85455
DRH36,1989.4126
FDP34,3664.8828
FDE04,3028.9966
FDZ57,3428.2292
FDF02,307.42358
FDG28,3984.8193
NCI31,667.8375
FDT43,823.36255
FDU20,2028.3069
FDD53,702.2835
FDW15,2396.4827
NCT53,2627.0864
NCG55,3080.9219
FDD48,1927.3013
FDG47,3907.215
FDI21,1134.5127
FDT27,4091.943
DRO35,1860.5762
FDD33,4091.943
FDC04,4006.7937
FDY34,2725.2166
DRJ49,2065.8723
FDE05,2443.6501
FDU31,3775.202
NCN19,4987.6245
FDK56,5146.766
FDK58,1694.9156
NCJ42,1727.4076
FDZ34,5424.4478
FDA52,2320.7363
NCR29,930.88995
FDT48,3740.115
DRJ51,703.8545
NCS54,2944.804
FDV01,2504.9824
DRG51,4050.821
NCG42,2121.746
FDA51,1852.6249
FDV19,456.2042
NCT18,3152.0564
NCS41,3120.9126
FDO03,4072.4111
FDL12,162.34885
FDY37,391.17584
FDI58,1433.2108
FDT28,2167.7334
NCC42,413.38913
FDO01,2033.9147
FDJ02,2440.1216
FDQ04,514.24805
DRL47,2048.9482
FDZ32,1728.9464
FDC35,3622.4507
FDX14,1129.0728
FDZ35,1662.2213
FDL14,2437.3323
FDO04,946.2753
DRK11,2460.9587
FDB44,3058.1345
FDZ50,3241.5974
FDI12,2443.6978
FDU43,4086.631
FDD58,340.52945
FDB27,3223.7354
FDB04,1145.7285
NCO17,1860.5762
FDL12,942.34906
DRJ13,2608.7244
FDD57,1553.1088
FDW19,1858.2498
DRD27,1382.5814
FDH27,3632.4783
NCW30,5959.907
FDR40,1133.3751
FDG05,2468.6
NCY41,27.876656
FDI38,3058.1345
FDR20,680.1033
FDE09,1694.9156
FDN50,404.0791
DRF27,2352.784
DRF51,666.6808
NCO02,308.8143
FDB51,1683.2511
FDJ50,933.013
FDN52,1357.1007
FDX14,1298.0737
FDT27,602.4348
FDV10,702.2835
FDU33,717.22943
FDU58,3196.8518
NCP42,5406.49
FDL51,5493.356
DRH15,1197.3129
FDU16,1388.2562
FDW15,2472.8154
FDQ44,1720.4678
NCI06,4707.5776
DRK23,747.60034
FDC28,1711.1624
NCY17,40.14239
NCV05,2158.034
FDM34,410.16406
DRD60,5067.6157
FDT38,1311.5837
FDQ57,2167.7334
FDE59,1040.4912
NCM43,2707.1248
DRI51,2989.4395
NCG30,2060.4072
NCK54,1927.3013
FDQ16,440.33136
FDI36,3164.179
FDX16,3655.8154
FDA34,2944.804
FDJ48,3079.954
FDU47,2154.764
FDS39,2127.058
FDD11,3822.0032
FDM16,1989.4126
FDU56,2678.3381
FDQ32,2079.2456
DRK35,702.2835
FDA58,3811.1362
DRG48,371.6969
FDT59,698.9873
FDQ31,392.29663
FDS51,886.90094
FDW32,2307.9924
FDI15,5975.903
NCV30,1070.2034
DRG25,3179.5642
FDT02,666.6808
FDO33,3080.9219
FDP38,889.52423
FDZ45,3224.9766
NCA54,4707.5776
FDU33,823.45233
FDN58,4091.943
FDI05,1206.3046
FDM57,349.64865
NCS42,2406.6836
FDB57,3735.8767
FDC03,3088.3535
FDZ58,1981.4758
NCK29,2002.5377
NCR53,3668.2053
FDE26,3655.8154
FDU52,2433.9507
FDE41,2148.115
FDU38,2604.4482
FDA52,2966.546
FDW46,1074.9364
DRI59,3938.0378
FDT38,1381.1661
FDL33,2616.6726
FDQ01,5904.532
FDJ08,3102.7085
FDQ47,705.40314
NCZ18,3946.0435
FDE29,955.26556
FDF10,3655.8154
FDC48,1336.796
FDY58,4102.3584
NCX30,500.37183
FDV11,2974.7524
FDT46,811.9932
DRD01,185.82841
FDQ11,4106.371
NCM41,1450.5197
NCC55,690.01776
FDG45,5622.7686
NCQ54,2789.5657
FDM34,2022.2888
FDD17,788.3064
FDN38,5963.735
FDB53,2167.7334
NCL06,4174.1113
NCV18,349.64865
FDX25,3238.0688
FDB39,907.553
FDC33,3179.5642
NCO14,529.1939
FDA58,6002.3687
NCQ02,3223.7354
NCR53,3785.1995
FDN52,1386.3717
FDG26,4105.5845
FDE23,1351.3392
DRI37,943.80646
DRH37,2315.0764
FDO01,2033.8737
FDK45,1889.7994
FDP23,3633.4045
FDM33,3763.7422
FDD36,1893.2705
FDL56,1368.5599
FDT27,633.4691
FDG52,749.9235
NCL42,4043.0354
DRJ24,3102.7085
FDV38,876.6896
FDT35,2703.7114
FDY51,3567.3096
FDC37,1694.9156
NCP43,2672.4592
FDO33,1816.9375
FDW04,1967.2615
NCC31,2418.5654
FDK22,3633.4045
FDJ50,974.3903
FDV13,1461.3258
DRL60,2460.9587
FDW03,1762.8031
FDY27,3003.3796
FDB39,1683.2511
FDU59,2627.0864
FDZ57,2115.119
FDO21,3835.5354
FDS43,2604.4482
FDU28,542.6255
FDC51,382.35236
FDW16,342.06277
FDP32,414.2456
FDB60,550.00214
NCQ30,1985.4114
FDD26,3209.0383
FDI44,1320.3713
DRH23,930.88995
FDO44,1791.5247
FDG04,3134.2305
FDM32,2493.8564
FDM09,2762.3237
FDZ47,1554.0045
FDM40,3506.82
FDY48,1694.9156
NCM30,699.7055
FDX36,775.5741
DRF03,710.10187
FDN51,4106.8423
FDM57,1336.796
FDB35,1433.2108
FDY13,2140.9636
FDA37,2083.1812
NCX53,2154.44
FDD59,1133.3751
FDX10,27.876656
FDC03,2604.4482
FDW43,3823.1514
FDW10,2873.4968
FDY14,6075.0996
FDV43,810.9541
FDO40,2440.1216
FDP46,2406.6836
NCE43,445.765
FDD05,1925.7625
FDJ60,428.3106
DRE27,1373.1604
FDO11,3900.0764
DRG11,2559.6187
FDK33,594.29156
DRM23,2703.3872
FDJ02,3637.858
NCZ05,1613.0488
NCL30,2048.9482
FDZ19,2269.3079
FDM45,2065.8723
FDO36,2918.8506
NCK31,791.6669
DRJ37,2280.2183
FDP24,1795.0872
FDF46,1860.5762
FDX46,185.82841
NCL18,3054.2908
FDJ26,3608.1296
FDJ07,1797.6503
FDY15,2359.3713
DRG01,1225.5918
FDF58,1054.61
FDZ14,381.5753
FDP31,961.26434
FDH45,702.2835
FDA09,448.5462
FDW31,3213.1199
FDA57,647.8361
NCE55,2970.9363
FDC17,567.23816
FDC59,1074.9364
FDA22,2762.3237
FDK52,3856.0723
NCM26,2373.3215
NCT53,2748.6147
FDW45,2175.6545
NCI18,3932.7258
FDE38,2277.677
FDF08,392.29663
FDY58,747.57336
FDF58,221.79668
FDX39,3821.11
FDB44,3714.318
FDF28,2050.487
FDE39,1837.2394
FDT37,3472.7454
FDZ45,3235.592
FDO40,2506.8464
FDM57,2183.8052
DRG36,3032.1362
FDY36,239.56764
DRL60,3637.858
FDS25,334.2513
DRF49,3080.9219
FDP16,3694.5286
FDS60,2814.5662
FDU15,1034.7993
FDK43,2050.487
FDN25,930.88995
FDE53,1677.6068
FDB22,2437.3323
FDE39,1869.9337
FDX35,4066.8882
NCG54,2777.709
FDH27,2453.8687
NCK42,3618.0193
FDS25,1688.413
FDI10,2308.8796
FDU35,1711.1624
FDI04,3223.7354
DRK23,4162.2544
FDB53,371.6969
FDY02,4171.1445
FDM60,751.2243
NCJ31,597.61206
DRP35,2081.6423
NCQ30,1890.6907
DRL11,444.34738
FDU01,3153.004
FDR39,3004.5657
FDO08,2695.268
FDC02,3543.6323
NCZ29,2099.4285
FDF29,413.38913
FDZ23,3231.6565
NCU53,2277.677
NCW30,4061.624
NCM26,3628.1584
FDV50,3255.7869
FDW15,2455.5068
FDI35,5067.6157
FDO11,3962.272
FDN48,1417.8253
NCA17,2409.3481
NCN54,1290.8822
FDP22,811.9932
NCB54,2099.4285
FDD08,669.6914
DRM48,61.50836
FDG41,2748.3433
FDE44,1475.5261
FDE26,2477.2058
NCS38,1860.5762
NCJ54,3461.5613
FDI40,393.27295
FDN45,3176.8281
FDU43,3925.7207
FDI04,578.48254
NCC07,1472.6471
NCC07,440.33136
NCD18,4057.678
FDU55,4219.7583
FDX59,738.95856
FDR52,3179.5642
NCP17,1073.3976
FDQ32,2002.9121
NCT17,3179.5642
FDO10,946.2753
FDE32,684.4869
FDN44,2520.7517
FDH02,1495.3566
FDK60,1584.5328
FDS24,385.33896
FDL03,596.13617
FDB46,5467.555
FDO48,3898.555
FDZ39,1676.068
FDT02,999.19653
FDC50,1595.339
FDP39,917.7538
DRG15,732.4341
FDP10,1440.3799
FDF53,5143.3325
FDN34,2720.8801
FDK02,1987.5604
FDC23,2929.3733
FDJ10,410.16406
FDE53,1728.9464
FDR25,4448.57
FDW50,2682.7131
FDS09,838.7479
FDW49,423.07123
FDU51,2904.8215
FDF28,1890.6907
NCY30,2288.3933
FDD44,4165.9575
FDX09,3034.3086
NCF30,2050.487
FDZ50,518.4802
FDW37,1406.9297
FDD11,3867.337
DRH39,984.72974
FDA36,3216.0547
NCG43,1431.672
FDF02,1721.9685
FDP57,2559.6187
NCE42,3789.889
NCR38,5904.532
FDP03,404.91223
FDO51,751.2243
NCQ42,1999.3168
NCM41,1417.8253
FDH48,2183.8052
DRF60,3951.674
FDJ27,1689.9272
FDQ14,2404.9277
FDN27,1794.7583
NCQ02,3134.2305
FDJ33,2065.8723
FDP07,5583.1245
DRE01,3811.1362
FDU36,1535.3604
FDL28,4212.6787
NCX53,2101.1047
FDZ39,1660.6825
NCP42,3164.179
FDJ14,1381.1577
FDK04,946.2753
NCC19,3184.1636
FDS09,680.7775
FDZ02,1561.196
FDD35,1890.6907
NCY42,2460.9587
FDB05,3560.5146
FDF20,3230.9038
NCO41,1396.4972
FDC40,2124.7778
FDV58,2522.6072
FDZ57,2036.8076
DRM35,2944.804
DRN36,1396.4972
FDQ13,1332.2167
DRO35,343.9462
NCD43,1728.9464
FDA51,1649.204
NCX17,6002.3687
NCZ17,717.6689
FDR11,3917.9346
FDW34,3961.3813
FDN50,1461.3258
FDS09,811.9932
FDS48,2179.59
FDL44,2735.2898
DRF48,2578.9055
FDA14,2156.253
NCD30,1598.3795
FDI16,880.2721
NCG06,3911.933
DRZ24,2034.3524
NCS17,1553.1088
FDB37,3846.1863
FDE10,2148.6746
FDC57,3102.3286
FDM12,2616.305
FDE24,2154.3
FDW22,3648.8655
DRD01,1655.4104
NCZ18,5904.532
FDN49,701.2444
FDR22,1893.4952
FDV08,40.14239
FDY39,3196.8518
FDV36,2064.3335
FDO60,809.4152
FDU04,3261.1665
FDR20,1438.512
FDW19,334.2513
FDU40,2900.1423
FDK15,1535.3604
DRF15,2466.3406
FDQ25,3034.3086
FDI48,189.23938
FDS49,1332.2167
FDV22,2450.5083
NCV42,1662.2213
FDX26,3208.1204
FDI33,1229.7899
FDZ14,2042.5354
FDG10,930.88995
FDM38,634.764
FDG26,5992.3853
FDH46,1728.9464
FDN13,1364.4133
FDU57,2477.2058
NCI06,2944.804
FDM38,912.68665
NCG42,404.1504
FDL39,2920.754
FDT31,550.00214
FDV59,3618.0193
FDB49,1728.9464
FDD58,1677.6068
DRN59,811.9932
FDX48,2366.4507
FDQ11,4121.756
FDY12,937.59216
FDQ11,4030.5466
DRI11,1893.2705
FDY32,4179.423
FDS51,923.4801
FDR19,401.84952
DRB13,2578.9055
FDS21,1071.9669
FDQ40,2902.165
NCE55,2943.2305
FDX43,4303.824
FDS12,2065.8723
DRK01,2497.1914
FDN25,963.5841
FDB60,3134.2305
FDQ13,1364.911
DRK13,3070.8606
DRF25,501.98233
NCD42,40.14239
FDW25,1363.6562
NCV29,4689.62
NCK42,3731.6062
DRJ13,3949.4565
DRD15,4091.943
FDM27,2374.4062
FDZ50,2666.4814
FDC04,3927.9043
FDF50,3154.0215
FDP15,4028.3635
FDK46,4162.2544
FDZ56,2352.1833
FDY60,2443.6501
FDB10,4030.5635
FDR57,2348.8635
FDU58,3179.5642
FDH02,1428.6315
FDP48,3226.2122
FDI46,4162.2544
FDW56,3164.179
NCM19,343.9462
FDS50,5720.817
FDK24,717.22943
FDO36,3028.9966
FDK45,3080.9219
NCL05,714.6514
FDL32,1672.5408
FDA28,2065.8723
FDY36,1038.5955
FDP32,1890.6907
FDL50,2050.487
DRC24,2451.5713
NCS18,1694.9156
FDD16,1228.797
NCV18,1357.1007
FDX07,3170.3103
NCZ05,2559.6187
NCI31,688.4789
FDK14,1347.6022
NCR06,681.95715
NCF54,2998.0588
DRG23,423.8816
FDD53,702.2835
NCM31,3506.82
FDT16,4242.2334
FDR40,1388.1356
DRG25,3285.7686
FDT10,992.74725
FDY32,2693.6946
FDN50,1495.3566
FDZ35,440.33136
NCP54,2006.8477
NCD07,1909.5172
FDS02,2604.4482
DRN59,623.95776
DRB24,2437.3323
FDP37,3378.983
DRB01,2604.4482
FDR47,3121.5103
NCM31,410.0886
NCF06,5959.907
NCV17,3410.2717
FDS10,2952.5586
FDN52,1384.8066
FDZ48,1856.6406
FDJ48,4147.2983
DRB13,4987.6245
FDV59,3775.202
FDL32,1819.2306
FDZ12,2175.999
NCR06,1034.7993
FDP51,1893.2705
FDY22,2138.9148
FDZ38,2989.4395
NCO54,996.07587
FDR23,3035.55
FDM38,957.08154
FDS25,1860.5762
FDZ22,1321.4105
FDZ20,991.56335
FDD45,340.52945
FDN03,4102.552
NCW30,4119.838
FDY24,1743.602
FDJ26,492.3187
FDM15,2443.6501
NCW54,1743.602
FDA23,1613.0488
FDA39,40.14239
FDZ12,2460.9587
NCB42,1860.5762
FDL16,811.9932
FDO24,541.32324
NCP42,3134.2305
FDR19,2167.7334
DRL01,3860.9026
FDV37,3134.2305
FDI41,418.56955
FDF58,1054.4333
NCF43,1967.2615
FDN02,3726.1748
NCP41,1728.9464
NCY17,1220.6497
FDL58,5837.948
NCA30,4974.06
FDE46,2130.1543
FDY38,3895.608
NCH29,2497.1914
FDO20,3942.3384
FDP44,1474.1859
FDM02,2417.4897
FDJ14,2158.9211
FDH04,342.06277
DRK23,4101.966
NCW05,1624.8671
FDF12,2443.6501
FDL51,545.49164
FDN03,3446.3684
DRJ37,2443.6501
FDM12,518.4802
FDA16,3795.4875
NCB07,3218.4233
NCI17,393.27295
FDR51,2428.265
FDJ55,3744.3247
NCZ17,702.2835
FDU25,954.6127
NCG18,1632.336
DRM11,4216.6904
FDH16,1466.7664
FDZ04,755.77106
NCX53,2188.471
FDX38,1310.0448
FDX09,2944.804
NCW05,1457.473
NCS41,3285.7686
FDI26,3007.4253
NCZ41,3378.983
NCK06,2065.4644
FDX23,2479.234
NCA42,2501.273
FDC20,946.2753
DRC49,2167.7334
FDX01,1860.5762
FDC08,3631.0176
FDC02,4621.5347
FDK10,2876.6223
DRC24,2516.95
FDW16,392.29663
NCU06,3414.5483
DRA59,3103.4197
FDR24,392.29663
DRL35,514.24805
FDA49,1346.2051
NCC55,690.01776
DRD24,410.16406
NCE55,2958.6157
FDT33,2689.7363
NCT53,2699.6738
FDS26,3912.0825
FDL22,1229.7899
FDP44,1694.9156
FDC52,2144.3962
FDI53,421.3818
FDZ23,3121.5103
NCT18,3238.0688
FDR13,1860.5762
FDB09,405.6893
FDZ60,1631.693
FDB11,3802.0583
FDC10,1672.5408
FDW56,3213.1199
FDK14,2140.9636
DRE27,2510.8684
FDA38,4066.4004
FDT11,3062.8108
FDP15,4115.242
FDV27,1423.8258
FDS36,2559.6187
FDY40,1351.3392
NCF19,827.3786
FDF53,2850.0461
FDS14,3641.5457
FDE56,1074.9364
FDZ19,2984.1216
FDZ46,1860.5762
FDR16,3546.5042
FDG29,514.24805
NCE30,3605.244
FDZ40,922.2068
FDG58,2176.8008
DRH03,1561.196
FDZ47,1356.4323
FDV04,2220.293
FDZ10,1886.7551
FDG46,1893.2705
NCF07,1535.3604
FDY44,3242.7605
FDB21,3760.1245
FDS20,3275.153
FDS49,1347.6022
FDX55,5720.347
NCQ02,2604.4482
FDR25,4503.7144
DRG39,898.00867
FDB46,3501.3757
NCC30,2320.7363
FDE58,1875.7112
FDC05,518.4802
FDY15,2338.0764
FDG14,2428.265
FDL08,3961.3813
FDQ47,690.01776
FDN12,1840.4657
FDW10,2924.0867
FDD02,1909.5172
FDX35,653.7259
FDT35,2706.4219
DRN47,445.83987
FDB11,834.4164
FDN20,2703.7114
FDB59,3193.3247
FDJ58,2915.816
FDU60,2706.4219
FDS03,1090.3219
FDU40,550.00214
DRH15,804.0416
FDD04,3632.4783
FDQ01,3860.9844
FDF28,2117.2124
FDD22,352.5025
FDY19,1838.396
FDN33,1445.5312
FDV36,2115.6736
FDW01,435.7384
FDJ28,3179.5642
FDB17,3041.4773
FDM40,2142.4434
FDV46,2045.84
FDQ44,1845.4333
NCD42,690.01776
DRH37,2707.1248
FDR10,2315.0764
NCD06,1388.3534
FDI53,2531.8687
FDG16,3689.9036
DRB25,1662.2213
FDY09,2956.6606
FDX48,2473.311
FDC03,578.48254
FDT47,1719.1453
FDW44,4565.417
FDT24,1238.0902
FDT12,909.0436
NCS38,1909.5172
FDO39,3222.396
FDA13,713.0898
FDO48,3855.3086
DRJ01,2547.7332
FDD53,514.24805
NCT05,4102.552
FDQ51,810.9541
FDU60,2757.0117
FDC59,1039.0479
FDP36,917.7538
NCM19,1824.219
FDL16,744.9352
FDE50,2578.9734
NCR18,717.22943
NCD30,1649.7191
FDH31,1584.5328
FDD56,414.318
FDC47,3895.144
FDZ21,1554.6476
FDM01,1677.6068
FDF24,1321.4105
FDW23,734.9777
FDY52,755.77106
DRH37,4081.3335
DRO47,3080.9219
FDR25,3741.351
FDQ24,5992.3853
DRJ51,3414.5483
NCU06,4163.1562
NCV18,1133.3751
NCC06,3361.0254
FDZ01,1484.9921
FDT14,1973.5338
FDD11,933.4719
FDN09,4068.1729
NCO18,471.51184
FDZ50,3120.9126
FDS44,3795.751
FDI36,3088.3535
FDA26,573.05664
NCY53,1874.4229
FDF32,3191.421
FDF59,414.2456
FDB20,1226.631
DRH11,979.83075
FDT03,2900.1423
NCH06,4050.716
FDR55,3148.0422
FDI10,3023.6934
FDZ12,2064.132
FDM12,3191.421
DRB25,1613.0488
NCS41,3226.2122
NCT53,2715.059
NCD55,702.2835
FDY08,2142.4434
NCP55,946.2753
FDA33,2428.265
FDQ33,2428.265
FDE45,4814.6704
FDT26,2025.6113
NCV53,3997.0078
FDK60,2534.2056
NCJ29,1321.4105
FDI15,4082.6414
FDX21,1791.5247
FDV49,903.2441
DRO59,1321.4105
FDZ14,1975.0056
FDP32,3466.1558
FDC33,3223.7354
FDT14,390.90866
NCN54,2130.1575
FDR57,3646.9253
DRK12,690.01776
FDX52,3179.5642
FDX08,471.51184
FDP10,262.81137
NCP50,1320.3713
NCL06,4143.77
FDP25,3689.6855
FDE53,1662.2213
FDL27,1194.6483
FDC35,3610.1301
DRJ47,443.5257
FDD16,1008.0667
NCN42,2423.1638
FDC38,3506.82
NCO07,3589.056
FDQ20,717.6689
FDI32,1860.5762
FDN20,474.97275
DRJ51,6250.108
FDU08,1535.3604
DRN37,445.765
FDD05,404.1504
FDW15,2440.1216
FDI52,2028.3069
DRM11,4077.0093
NCO06,687.43976
FDU38,3179.5642
FDU59,2263.648
FDJ10,2127.058
FDM13,2142.4434
NCJ30,445.765
FDM45,1890.6907
FDP36,791.6669
NCD30,338.99054
FDN48,1617.2272
FDY32,2577.2024
FDU47,2127.058
FDF17,550.00214
FDP34,2448.5369
FDA47,2709.0798
DRD27,2455.8967
FDW38,924.8906
FDZ15,380.17685
FDZ03,5005.582
NCN19,3179.5642
FDG02,3230.9038
FDS31,3275.153
FDW43,909.0436
FDZ47,310.0009
FDO57,2506.7068
NCL07,702.2835
NCV42,1791.5247
FDP40,1908.2478
FDP48,612.03534
FDH21,2666.7334
NCP02,959.19183
FDK24,827.3786
FDC41,1225.5918
FDF08,1389.795
FDO49,901.50714
FDS56,7268.604
FDX46,755.77106
FDQ07,3719.9753
FDC32,309.97885
FDT21,503.92053
FDG58,2355.6394
FDW14,1349.1494
DRA12,3506.82
FDV27,1386.3717
DRD25,1860.5762
DRF48,5005.582
FDX24,1450.5197
DRJ51,4025.3982
FDE45,2902.165
FDE14,1673.0275
FDG53,2064.132
FDT08,2428.265
DRC27,5932.3
FDG20,2982.793
FDC21,1662.2213
FDV31,2321.104
FDB58,2064.132
FDV23,2050.487
FDA25,451.13754
FDC15,2462.8154
FDU47,2142.4434
FDE23,811.9932
FDS08,2949.2097
FDW03,2541.6611
FDJ60,2297.9077
FDM34,2098.6216
FDW33,1662.2213
FDZ40,930.88995
FDE33,1131.8363
NCC06,404.1504
FDU11,1875.5535
FDL44,2779.461
NCZ29,2083.1812
FDG28,663.3608
FDL12,755.77106
FDD52,1618.2599
FDO15,1161.954
NCN29,1333.3816
FDW36,1662.2213
FDB21,3828.4238
FDZ28,2048.9482
FDY10,1909.5172
DRG39,931.56396
FDN28,1662.2213
FDV15,1689.9272
DRI13,3743.463
FDH20,1584.5328
FDY51,3708.1187
FDE16,3698.9329
FDX40,501.98233
FDC48,1133.3751
FDS14,2446.668
FDX56,3821.11
FDI10,2944.804
FDI14,2138.9148
DRM48,690.01776
NCH07,3935.4275
FDY26,3664.6309
FDD02,3080.9219
FDM12,3146.0872
DRF01,423.8816
FDV36,2028.3069
DRI59,3871.313
FDV03,2188.6575
FDO39,3285.7686
NCB07,2599.1362
FDH38,3062.9644
FDZ13,850.5052
NCZ30,2050.487
NCA06,711.9814
FDB04,1349.1494
FDN50,1428.6315
NCG06,3879.1936
NCY17,497.11008
FDC23,2932.0837
FDK33,3641.3257
FDR03,3726.1748
FDZ07,1073.8972
FDO38,1332.2167
FDS59,1662.2213
DRM11,747.60034
FDX52,5424.4478
DRJ35,755.77106
NCP53,3963.5308
FDW15,371.6969
DRI47,2396.4827
DRZ11,2078.1934
FDS02,3132.657
DRD49,3280.1565
FDW38,941.13715
FDR21,414.318
FDE40,1051.5996
FDI02,1747.886
FDQ04,681.95715
FDY14,3707.3525
NCT54,1584.5328
DRD25,1893.2705
DRE01,3733.9546
FDJ12,667.28406
NCZ05,1677.6068
DRB25,440.33136
NCC31,2396.0127
FDM16,1206.3046
DRG11,1677.6068
FDV24,3655.8154
FDV43,717.22943
FDG05,2158.034
FDV23,405.6893
FDI58,1229.7899
FDQ11,4216.6904
FDC05,5410.4185
FDF40,3677.481
FDU02,3352.3076
FDT32,3158.867
NCF06,4171.9424
FDT46,811.9932
FDR58,342.06277
FDY04,2707.1248
FDT58,2689.7363
FDE46,2406.071
DRH11,963.5841
DRI51,2944.1057
FDC35,3606.2036
FDP45,3911.933
FDC45,2833.7366
FDU01,3162.5015
FDJ53,414.2456
FDJ46,3034.3086
FDX07,3158.867
NCI30,4493.4697
FDE47,3279.124
FDV48,1301.0841
FDN16,440.33136
FDM52,2440.1216
FDA32,5666.062
FDH05,3790.4954
FDW25,351.61227
FDQ09,1860.5762
NCM17,131.40707
DRM59,2418.5654
FDV47,2148.115
DRE15,1270.0193
FDS25,307.42358
NCZ05,1474.1859
NCV05,361.99753
DRM37,3132.058
FDV58,5392.926
FDN22,5959.907
NCO06,703.86426
FDT56,198.74489
FDM02,1397.1779
FDA09,2913.282
NCC06,2115.6736
NCL54,2990.1377
NCB55,955.26556
FDB12,1673.6805
NCA54,3001.9944
NCS38,1875.9617
FDC02,4526.5996
FDK44,414.318
FDE16,3765.6577
NCS05,2193.783
FDZ59,2672.2434
FDI20,3769.89
FDQ14,2404.9277
FDF53,3000.0066
FDW25,1416.677
NCQ43,292.68182
FDX52,3164.179
FDE28,3806.1057
FDN15,2171.6086
FDO28,1893.2705
FDQ33,2365.3389
FDM22,186.633
FDJ03,821.3504
FDI16,910.5636
FDI09,6002.3687
FDX55,3629.876
FDS23,3378.983
DRC12,3115.5618
FDH41,3633.4045
FDN01,2974.7524
FDV55,2392.547
NCJ19,929.3511
NCY29,191.25822
FDP03,1905.668
FDZ52,1746.3472
FDH31,296.61743
FDQ19,3340.8242
FDS15,1711.1624
FDN32,3297.6252
FDH32,1599.9183
FDF33,1708.7534
FDJ22,3076.01
FDG56,257.5905
FDC05,3120.2014
FDK09,3897.2517
NCV29,2902.165
NCC43,776.8689
NCA42,2483.9854
FDC10,1860.5762
FDC16,1333.7639
NCL17,2127.058
FDA51,1864.9453
FDW01,2472.8154
NCF30,2006.8477
FDN49,702.2835
FDY20,1368.6528
FDC15,2345.2815
FDY24,906.5944
NCG43,1615.6884
FDA48,3730.0017
NCF55,722.712
FDL38,1444.017
NCQ29,3430.4487
FDC34,2460.3936
FDP36,1474.3213
FDN50,352.86893
FDO23,1595.9828
FDT56,930.88995
FDT13,4987.6245
FDZ03,3164.179
FDQ03,645.3259
FDU44,2652.6292
FDD03,4058.8752
NCH30,1860.5762
FDS60,433.2378
FDG08,2913.282
FDX38,821.3504
FDD22,1893.2705
FDW51,3586.695
FDL09,2704.6814
FDZ60,1434.1207
NCH07,2549.3616
NCQ41,3191.421
FDW04,2065.8723
FDI08,6264.893
FDR19,371.6969
FDV13,1367.9069
FDB52,3966.563
FDZ48,2748.3433
NCO14,827.3786
FDZ50,3226.2122
FDN27,403.3026
FDQ60,2050.487
FDR49,834.25854
DRJ35,1801.8296
DRI49,1332.8698
FDB47,3809.2534
FDP37,414.2456
FDR26,2943.2808
FDY31,371.6969
FDC11,1189.7247
DRP47,4147.147
NCY54,2321.104
FDR27,2138.9148
FDQ21,404.91223
NCQ29,3976.384
FDJ02,2440.1216
FDE21,1672.5408
FDM39,2994.8704
FDZ01,1705.7218
NCB19,1169.0653
FDU03,3231.9978
FDP27,3148.0422
DRF01,2365.3389
FDM03,1677.6068
FDV01,2444.8599
FDS16,2440.1216
FDO45,1484.5504
NCX06,3053.334
FDP13,713.0898
NCR38,3442.3054
FDA01,941.69617
FDT26,1868.3949
FDD44,7307.7524
FDB26,941.69617
FDP45,933.4719
NCP55,930.88995
FDT23,1354.1049
FDO51,681.95715
FDA44,908.7097
NCJ31,3244.2996
FDX37,1565.4537
NCD18,4129.6006
FDN40,3646.116
FDL33,3165.3508
DRF48,3187.5771
FDW08,1689.9272
FDX39,2989.0776
FDB38,2778.078
FDY46,2566.8691
NCB06,2620.581
FDA34,3041.4773
FDA35,1941.7727
FDQ07,3763.7422
FDU32,1987.5604
FDU26,2027.1501
FDU13,423.8816
FDO09,3715.064
FDW03,440.33136
FDB38,2567.8643
FDL26,401.9405
NCN43,1987.5604
FDH08,4026.5342
NCC31,412.31796
FDH14,2187.8557
FDL40,1617.2272
FDD20,2117.2124
NCV53,4048.3474
FDD16,1027.3765
FDP24,2018.9982
FDQ25,2902.165
FDM38,981.9538
NCT18,451.84674
FDM34,2104.8643
DRH37,492.1416
NCE07,2258.886
FDG12,1860.5762
FDB59,563.869
FDS10,2271.3005
FDN21,419.0091
FDM02,1376.8514
FDO44,1875.9617
NCN17,1694.9156
FDH16,1229.7899
FDL44,2537.4373
FDY47,2083.1812
DRI39,907.553
NCX54,1474.1859
FDE59,690.01776
FDO46,3088.3535
DRE13,1386.3717
FDW14,1394.4885
FDF35,1662.2213
FDO50,403.10278
DRF49,1893.2705
FDT60,2065.8723
FDP38,802.4731
FDA31,4783.1484
FDY52,252.96526
FDD03,6129.37
FDN52,1169.0653
FDU20,342.4073
FDD22,1840.4657
NCB55,185.82841
FDN27,1462.5737
FDD16,1290.8822
FDW48,1296.8336
DRN35,669.6914
FDX25,2970.4724
DRD49,3811.1362
FDE21,403.3026
FDN44,2660.064
DRC01,827.3786
NCK30,4113.8223
FDU39,929.3511
FDB49,1584.5328
FDS12,1987.5604
FDR57,2182.526
FDX22,5556.3125
FDC60,1485.7128
NCE42,3694.9536
NCK42,3633.4045
DRE01,3677.4219
FDE57,1967.2615
DRK59,788.3064
FDB10,6090.2217
FDQ25,2944.804
FDY26,3774.9514
FDG28,3961.3813
FDM14,1688.413
NCH29,1667.8058
FDD48,1875.9617
FDC17,3623.1074
DRH49,2130.1575
FDN44,2171.3428
FDC29,1797.6503
DRK01,392.29663
FDD48,1893.2705
FDB59,3126.5999
FDY45,820.5666
FDX60,1370.3516
FDT09,413.38913
DRB24,2158.034
FDL13,4030.5635
FDN16,1711.1624
FDK57,2050.487
FDO22,2130.1575
FDC57,582.107
FDZ13,1399.1595
FDW27,2418.5654
FDX10,705.40314
FDY08,1967.2615
FDA49,1441.8506
FDC32,1394.9584
FDO04,997.61475
NCZ54,2605.1958
FDY40,810.9541
FDW36,1613.0488
FDE11,3218.0056
DRE37,3088.3535
NCK19,3209.7063
FDT19,2970.9363
FDE56,942.76733
FDZ57,405.6893
FDB35,1466.7664
FDF09,56.88314
FDO34,2744.232
FDA55,3802.0583
NCM18,992.74725
FDJ20,404.91223
DRQ35,404.91223
FDG02,3164.179
NCU29,2167.7334
FDL27,1819.7604
NCA54,3053.334
FDJ32,1087.9889
FDB21,572.56116
FDR46,2467.8274
FDZ32,1662.2213
DRF36,3235.592
NCU54,3627.4387
NCI31,721.1731
DRA59,3222.396
NCC55,669.6914
FDE44,623.95776
NCN26,1672.5408
FDC11,1371.2289
FDV24,2494.9897
FDR40,349.64865
NCQ17,2452.4634
FDC46,3102.0044
NCM18,1074.9364
FDK16,1584.5328
FDI28,1354.1049
FDS11,3230.5146
DRD13,1074.9364
FDL36,1466.7664
FDI27,788.65625
FDJ53,403.3026
FDS44,3905.797
FDE28,3837.9536
FDQ33,2167.7334
FDB37,4013.0452
FDQ31,1336.7743
NCQ05,2428.265
FDE10,2127.058
FDF38,745.7839
FDE50,550.00214
DRG37,417.48276
NCH06,4620.507
FDY14,4111.3906
FDO27,1595.9921
FDQ19,3997.0078
FDZ26,631.70337
FDN51,4091.4578
FDK20,2117.2124
FDD40,2583.962
DRI25,741.3157
FDH56,1893.2705
FDI36,5424.4478
DRH11,742.85455
NCV18,1332.8698
DRI01,2990.1377
DRE48,3179.5642
FDS51,1010.53125
FDM38,855.4936
FDB60,5406.49
FDY58,4169.083
FDY22,2227.1038
FDF11,5840.0786
FDZ51,1633.4739
FDQ45,3285.7686
FDF17,3187.5771
NCF31,3655.8154
FDA37,2050.487
FDO51,702.2835
FDF34,3164.179
FDD57,1394.9584
FDO37,4072.4111
FDR49,838.1848
FDS39,2142.4434
FDI48,1588.6722
DRM35,2990.1377
FDV57,3035.55
FDZ55,2699.6738
FDI28,1388.1356
FDS21,1040.0912
FDT34,1662.2213
DRI25,996.07587
FDT47,408.41687
DRH39,1014.8215
NCD54,2026.4883
FDU16,2183.8052
NCW29,2036.8076
FDV25,5720.817
FDM56,1711.1624
FDZ04,1837.718
FDG59,27.876656
FDI56,1368.6528
FDS33,1414.0776
FDC23,2998.0588
FDT11,3154.0215
FDG17,3870.1707
FDZ44,1797.6503
FDJ52,2593.339
DRI23,2505.9153
DRE15,364.26746
NCF07,1662.2213
NCR29,946.2753
FDE44,108.17543
FDT23,1370.3516
NCG06,3974.1287
NCU41,596.13617
FDH46,1694.9156
FDV31,2943.2305
NCT41,3628.1584
FDE22,3931.499
FDC26,1623.855
DRF51,678.13995
NCY53,403.3026
FDY21,3155.9724
FDL27,1074.9364
FDZ34,3179.5642
NCF43,393.29318
FDC21,1711.1624
FDL26,2425.0906
FDT25,484.23322
NCR30,1175.4613
DRL23,440.33136
NCR05,3179.5642
NCE19,742.85455
FDY07,783.9542
FDB10,4091.943
FDP57,1662.2213
FDU48,410.16406
FDH48,1406.0417
FDO33,1909.5172
NCU29,2365.3389
FDW35,702.2835
FDH05,645.3259
FDP26,1654.27
DRG27,727.8873
FDQ33,2428.265
FDH20,340.52945
FDV14,1372.3083
DRD01,930.88995
NCI17,1599.9183
FDF39,728.30005
FDX37,1673.0275
NCX17,3536.577
FDN03,4087.1667
NCS41,649.4522
FDH34,3120.9126
NCX53,1961.9495
FDY31,2428.265
FDD20,2083.1812
FDE51,779.11194
FDV27,1357.1007
FDF16,2477.2058
FDZ02,1576.5815
NCK05,1072.3584
FDM12,5005.582
NCA05,2133.4314
FDX33,2503.2588
FDM25,2990.1377
FDE41,1169.0653
FDW14,1353.4905
NCD30,1562.3527
FDB23,820.6992
FDF45,921.6262
FDW20,2052.6523
FDF47,3111.3003
NCR05,561.45654
DRB01,3196.8518
FDE36,2699.6738
FDU56,3253.454
FDB23,3881.3862
FDN48,1433.2108
FDS43,3164.179
NCN05,3226.2122
NCL53,2990.1377
FDL56,1357.1007
FDH17,1396.4972
FDP37,2050.487
FDG09,550.00214
FDA55,3826.6313
FDX31,3904.2942
FDJ41,3926.1602
DRC24,2401.6145
FDQ21,2085.4941
NCT54,1535.3604
FDH08,4117.7437
FDY38,3280.1565
DRM11,822.6316
FDG32,3651.1184
NCH18,4030.6963
FDI20,3760.3457
FDA33,2167.7334
FDN45,3692.4226
FDT45,186.633
FDR32,4092.431
FDA48,3683.998
FDN23,2460.9587
NCR18,769.0083
FDD45,1584.5328
FDI22,3052.897
FDT09,2138.9148
DRC24,3628.1584
FDT39,2428.265
FDX28,1535.3604
FDA50,1373.1604
FDT33,4293.2544
FDQ60,2000.7969
NCM19,1672.5408
FDF40,3935.4487
NCI30,4081.4885
FDK34,3997.0078
FDA38,6072.264
FDT02,657.1365
FDC11,1338.0316
FDD08,702.2835
NCS29,4101.966
DRI03,433.41418
FDK48,1228.6791
FDM52,2455.5068
FDP49,979.83075
DRA24,2669.3147
NCJ43,2990.1377
FDE11,3134.5635
FDP01,2399.6487
FDQ59,1169.0653
FDA43,518.4802
FDL14,2451.2593
FDV50,382.35236
FDT01,5530.9766
NCC42,2187.8557
FDO28,1860.5762
FDD32,349.64865
FDV45,3224.9766
NCW17,404.91223
NCJ17,2220.8196
NCF18,3174.2522
FDP01,2175.2363
FDH24,2125.1462
FDI38,5556.3125
FDX03,766.1702
FDY28,3546.5042
FDN34,2320.7363
FDJ02,2396.4827
FDW40,410.16406
FDX03,734.9777
FDE17,3655.8154
FDT58,2732.3752
FDI38,3698.9329
FDW22,3938.0378
FDS15,2559.6187
NCX06,3313.7854
DRK47,4151.2993
FDC23,4689.62
FDM56,296.61743
FDP21,3196.8518
FDP58,3483.8828
FDA27,1016.18604
FDK41,385.33896
NCH42,4135.0317
FDG29,701.2444
FDW15,2179.59
FDD28,755.77106
FDQ37,3131.2332
FDC23,3049.3984
FDV13,1495.3566
FDK33,3656.2642
FDO33,1860.5762
FDN21,2747.1938
NCW06,5424.4478
FDI38,3765.6577
FDC21,2646.7915
NCS05,2127.058
NCN53,732.28516
FDV40,304.2446
FDG60,3999.2295
NCY30,5049.658
FDM40,2064.132
NCO30,3170.3103
FDK10,3007.4253
FDM36,2902.165
FDN10,1860.5762
FDM46,1229.7899
FDX50,1782.0345
FDP33,3975.2976
FDO12,3119.4973
FDC28,1791.5247
FDO31,1301.0841
FDX45,2479.363
FDV21,2065.8723
FDH04,1433.2108
NCG54,2762.3237
FDO13,2695.268
FDA09,4676.0557
FDC38,2150.3735
NCO42,2305.3376
FDL45,2065.8723
NCK31,868.813
FDM39,2996.211
FDC22,578.48254
FDF46,1860.5762
FDQ37,2817.487
FDH41,573.05664
FDQ04,702.2835
NCQ02,4987.6245
FDJ57,4987.6245
NCE07,2142.4434
FDE56,943.80646
FDI20,3709.006
FDK36,623.95776
FDP08,5565.632
FDF44,2159.752
NCU53,2796.3372
FDF47,3473.7764
FDS55,423.8816
FDZ52,251.36719
FDL04,1472.6471
NCM26,2475.862
FDX43,2752.1663
FDP52,4112.4316
DRK49,681.95715
FDE38,2699.6738
DRF13,2494.9897
FDK41,324.73032
FDJ04,3080.9219
FDZ44,1672.5408
FDS11,3820.1501
FDA55,3898.555
NCW53,3108.277
FDB49,2479.234
FDD23,3223.7354
NCV42,1728.5988
NCZ29,1890.6907
FDQ26,907.553
FDV08,734.9777
FDC53,1599.9183
FDV58,330.80563
NCP02,185.82841
DRI37,929.8508
FDQ12,4117.7437
FDE33,1299.2303
FDX27,1343.8774
FDM22,901.50714
NCH30,403.3026
FDC04,4103.7993
FDO38,1332.2167
FDV52,3080.9219
FDB32,1554.0045
FDV43,623.95776
FDI24,2308.8796
FDR40,1354.1049
FDW02,2057.5125
FDE44,827.3786
FDL38,1428.6315
NCT54,340.52945
DRJ39,584.47205
FDW55,4160.642
DRF13,371.6969
NCW17,2111.1833
FDP13,740.79553
FDS08,2283.337
NCP17,1104.2341
NCO53,3234.2527
FDH19,2916.1401
FDJ04,1868.0999
FDG10,946.2753
FDA40,324.73032
FDI53,2635.1362
FDU09,191.25822
FDK60,1554.6476
FDR43,669.393
FDW22,3835.0115
DRP47,785.27625
DRG48,415.32532
FDA14,2465.7253
FDU49,1375.4761
FDK28,4030.5466
FDT19,2975.9033
NCQ42,1720.4678
FDD03,3846.9275
NCM53,1660.6825
NCX53,2078.1072
FDV14,2160.468
NCZ54,2796.6296
FDB39,907.553
DRC24,2405.8452
FDY36,1226.631
FDN01,3041.4773
DRH25,900.02655
FDV08,702.2835
NCP53,4008.8645
FDU52,481.07336
NCI42,3637.0825
FDZ14,2011.0156
FDF11,3951.674
FDQ13,1179.8715
FDO32,131.40707
DRJ37,2248.4973
FDY43,2730.203
NCT41,2553.5793
NCV17,2078.1072
FDM04,1655.4104
DRB48,514.24805
FDM24,2428.265
FDT37,4128.9277
NCO05,340.52945
FDL13,3951.674
FDL15,2468.88
FDB11,3242.3713
FDL14,380.76434
FDY10,403.3026
FDJ40,1806.9102
NCW18,3963.5308
NCY06,2099.7336
DRE13,1169.0653
FDA26,3589.056
NCE19,191.25822
FDE33,1368.8127
DRL59,1679.947
FDY07,811.9932
FDF57,2320.7363
FDM58,1840.4657
FDP26,2518.324
FDY32,2726.3674
FDD51,103.44494
FDU22,1672.5408
FDZ49,3214.4072
NCI42,3803.9414
FDT04,1089.7711
NCU41,3102.3286
FDS56,3973.229
NCN42,2440.4724
FDK34,3951.674
FDB03,3720.9695
DRJ25,839.699
FDT25,3279.124
FDN20,2757.0117
FDP09,3580.4402
FDM20,729.1642
NCG55,1860.5762
NCP14,1613.0488
NCH06,3631.9343
FDV52,1830.0479
NCL07,769.0083
DRJ11,5214.2485
DRO59,1226.631
FDW15,427.18213
NCQ30,2117.2124
NCN54,276.96393
FDY01,3080.9219
FDX39,3725.679
FDH53,2130.1575
FDA57,735.2023
NCC07,295.07852
FDU28,3144.838
FDK36,126.78186
FDR36,514.24805
NCQ17,2446.2712
FDS28,185.82841
FDE08,2379.314
FDU22,1860.5762
FDG41,1613.0488
FDO31,387.6044
FDM21,747.60034
FDU40,2944.3135
FDV36,1889.1519
FDT10,1706.5879
FDX38,779.11194
NCU30,4081.3335
NCV06,3179.5642
FDT16,4135.29
NCP41,2541.6611
FDZ56,2833.7366
FDC22,3160.3628
FDU10,751.2243
FDS46,1816.9375
FDO08,2740.6018
NCV42,1474.1859
FDP33,4062.177
FDJ12,3668.9844
FDH04,1368.6528
NCU54,3612.2378
FDO36,443.23416
FDT37,5992.3853
FDD14,493.47284
FDA16,3729.865
NCS42,392.29663
FDP10,440.33136
FDQ28,2455.5068
FDK57,343.9462
FDK02,1860.5762
FDW47,1890.6907
NCC42,1979.1183
FDQ37,2556.1172
FDL40,1584.5328
DRE13,324.73032
FDQ34,2596.6328
NCB54,2050.487
FDS48,2455.5068
FDO15,1160.9148
NCT30,811.9932
FDU49,2176.6538
FDE21,1860.5762
FDS49,360.4548
FDT38,2160.468
FDZ01,1623.855
FDC41,1254.3369
DRG13,468.4451
NCZ42,3340.8242
NCM07,1336.7743
NCV17,1961.9495
DRK39,1364.7988
FDS37,1672.5408
FDV12,393.27295
NCG19,3359.4646
FDS51,1039.0479
NCO14,702.2835
FDC38,2138.9148
FDN15,2138.9148
NCH42,4102.3584
FDQ22,690.01776
FDC05,3150.15
FDZ31,3144.5137
DRJ23,3174.2522
FDC52,2471.6526
DRD12,342.06277
FDV55,2468.88
FDD32,1321.4105
FDR01,3688.7754
FDY08,410.16406
FDQ45,3088.3535
DRN11,3655.8154
NCS05,1967.2615
FDY32,2721.4004
NCD31,2652.6292
NCE06,2701.03
NCP14,1662.2213
NCF18,518.4802
FDF14,2167.7334
FDB22,2430.0242
NCH54,2608.7244
FDU27,807.61505
FDS58,3931.499
NCU29,2494.9897
FDJ57,3287.504
FDL56,1372.4862
FDH60,3207.8079
FDN24,742.85455
FDD02,2018.1057
FDP15,4144.457
FDB28,5410.4185
DRC49,2365.3389
NCG30,1889.1519
FDJ14,1347.6022
FDL52,669.6914
NCG19,6002.3687
NCN41,2099.4285
FDW22,3871.313
FDI02,1860.5762
FDV51,2683.773
FDV48,1321.4105
NCL17,410.16406
FDP46,1387.9401
FDU10,669.6914
FDT37,925.54926
FDI27,837.59705
FDN51,4040.868
FDW07,1380.8711
FDN45,3707.8079
DRN37,4178.7734
DRF48,3154.0215
FDP38,118.981606
NCX18,5406.49
FDK45,1686.3785
FDZ37,1383.2924
FDS50,3242.3713
NCR54,2602.276
NCS17,1631.935
FDV31,2913.282
DRE27,1572.6553
FDN60,2591.1667
FDK26,3138.6362
FDX37,1407.3033
FDW31,3134.2305
FDX26,2678.3381
DRL49,410.16406
FDU49,1441.8506
FDY58,4072.4111
FDN03,4011.3413
NCV06,601.4482
FDH53,1122.156
FDG31,886.90094
NCC06,2054.556
FDS13,3318.2898
FDP16,3817.7917
FDA35,2050.487
DRP47,3442.3054
FDY28,586.37036
FDY20,1466.7664
NCH30,1824.219
NCR29,185.82841
NCP05,2422.953
NCF30,404.91223
FDA08,2791.9414
FDN51,5959.907
FDH12,1662.2213
FDY39,3260.2258
NCO53,3134.5635
FDB40,2416.7844
FDH02,1444.017
FDY11,1819.7604
FDQ09,403.3026
FDP16,3751.067
NCF55,501.98233
FDY09,4689.62
FDY39,3171.0864
NCU53,2715.059
NCT41,2455.5068
FDJ45,679.27856
FDR28,2725.2166
FDN08,1860.5762
FDJ07,1875.9617
FDZ09,4072.3308
FDQ14,2437.6216
FDY12,1388.3534
FDK57,2050.487
FDD20,2065.8723
FDS36,1603.4895
FDI40,1677.6068
FDJ40,1728.5988
FDE08,2422.953
DRK01,1584.5328
FDC58,717.6689
FDE50,3171.7065
FDX48,2502.911
DRM35,2308.8796
FDG41,1662.2213
FDB52,3805.6528
FDV19,2551.8955
DRG48,2460.9587
FDI26,2949.2097
FDU11,404.91223
FDF59,404.91223
FDR07,1562.5067
NCE06,2745.2012
FDE10,2127.058
NCO55,1662.2213
FDZ13,822.79944
FDT50,1572.6553
FDH12,296.61743
FDD21,1797.6503
NCM05,4131.913
FDK04,943.80646
FDN33,1595.9921
NCM18,202.64687
DRC25,1399.3682
FDT47,1685.1146
FDD45,2621.3784
NCD07,1672.5408
NCY54,425.8721
FDL12,959.19183
FDL02,1746.9712
FDC60,1513.4186
FDR37,3046.1653
FDY16,3280.4565
FDU26,1929.2179
FDN24,922.2068
FDH44,2422.953
FDE23,121.21871
FDW60,3008.7659
FDQ55,1875.9617
FDV32,1793.7606
FDV03,436.24957
FDY14,313.29242
NCL55,5992.3853
DRF25,734.9777
FDX03,717.22943
FDF40,3620.9426
FDX24,342.06277
FDA25,1688.413
FDH21,2185.1807
FDB47,653.97034
FDT34,440.33136
FDS39,401.53232
NCU05,1321.4105
FDE02,1444.017
FDL25,1445.5312
FDC50,1610.7245
FDZ32,1677.6068
FDV14,1341.9679
FDR07,1264.2113
FDB26,948.3984
NCR50,2379.314
FDP01,2123.732
FDH57,2064.132
FDM60,1052.757
FDA45,2983.6428
FDU55,4281.954
FDH40,1370.3516
FDG40,27.876656
FDT12,3861.1555
DRL59,921.16766
FDT47,1464.3846
FDI60,1107.6307
DRF51,1054.1686
NCK31,827.3786
FDB08,2495.209
FDM44,1728.9464
FDD46,2167.7334
FDR27,410.16406
FDV56,296.61743
FDM02,1383.2924
FDU45,1672.5408
FDZ10,2079.2456
NCK31,126.78186
FDR27,2187.8557
FDF33,1785.5463
FDJ36,1662.2213
FDP33,4033.1921
FDG17,4093.3164
FDG47,4962.956
NCW29,2050.487
DRH59,1194.6483
FDR32,4103.046
FDP48,3350.8696
FDG17,4012.721
DRJ59,734.9777
FDY48,2541.6611
FDB02,2944.804
FDN10,403.3026
NCD55,769.0083
FDX34,2050.487
FDZ38,2920.754
DRF37,4100.287
DRL47,404.91223
FDL27,1141.6615
NCP53,4060.204
FDT03,555.3457
FDJ28,3230.9038
FDF40,3730.778
FDA32,3743.463
NCP02,963.5841
FDZ31,3102.0044
NCQ29,3946.0435
FDP57,296.61743
FDL32,3168.0947
DRB01,3230.9038
FDJ40,1662.2213
FDO24,2183.5671
FDO11,3079.954
FDA56,2052.1365
FDF02,1643.1422
FDA10,1987.6909
NCI55,2081.6423
FDZ40,186.633
FDV08,717.6689
FDN48,1417.8253
FDU57,2460.9587
DRF49,1860.5762
FDS02,3160.3628
FDS43,3134.2305
FDT16,4131.913
FDX19,6192.5674
FDK15,1584.5328
DRA12,2142.4434
FDY35,844.6874
NCU42,2762.3237
FDD26,3193.653
FDR11,2183.5671
NCP53,3936.941
FDP34,2378.5198
NCV41,440.33136
FDN20,2335.0146
FDZ16,2616.305
FDZ28,2064.3335
NCL55,4131.913
NCJ17,1357.1007
FDT37,4069.075
FDV51,2789.5657
FDZ28,2097.8896
FDN27,1762.064
FDS14,528.7683
FDZ58,2002.9121
FDD46,2470.0051
FDJ03,837.59705
FDU03,412.68915
FDA33,3655.8154
NCW53,3225.5918
NCC55,722.712
FDP52,674.58594
FDE39,1977.4601
FDB44,3765.6577
FDG59,690.01776
FDI05,1226.631
FDF59,1987.5604
FDM39,419.2558
FDB14,1391.7556
NCS05,410.16406
DRJ35,923.4801
FDO31,349.64865
FDA31,2975.9033
FDX40,717.6689
FDW56,3088.3535
FDH09,649.16486
FDA52,414.318
FDF20,550.00214
FDE40,920.4695
NCU17,1652.4203
NCP14,1689.9272
FDN25,1706.5879
FDU39,957.65295
NCM05,4504.1855
FDU07,2460.9587
FDF28,2065.8723
FDR57,2583.1816
FDJ33,2050.487
DRH23,958.5957
FDQ52,3927.9517
DRK13,3160.3628
FDP09,3610.764
FDR08,2646.7915
FDV50,1975.0056
FDT13,3191.421
FDJ27,2596.6328
FDH21,2452.4895
FDW14,2351.8928
FDL52,717.6689
FDW28,3218.4233
FDL40,1599.9183
FDE24,2138.9148
FDX35,4033.3325
FDP46,1419.066
FDX56,3654.2512
FDQ45,3179.5642
FDK50,3931.499
FDY26,3352.241
FDQ09,1893.2705
FDN39,2772.397
FDP13,724.5488
FDR51,2428.265
FDZ49,573.05664
FDL28,3461.5613
FDZ10,2095.493
FDK38,2428.265
DRL49,3506.82
FDR15,2509.0288
FDQ24,4174.1113
FDD56,2955.0872
NCR42,690.01776
FDH52,1054.61
FDH57,410.16406
FDR15,481.07336
FDJ34,2099.4285
FDW37,1497.5868
FDQ23,1474.1859
FDP34,2561.8171
FDE04,4689.62
FDC48,1301.0841
FDA47,408.65793
FDI35,2320.7363
NCV05,2437.3323
FDR28,2652.6292
FDH31,1617.2272
FDP59,440.33136
FDS19,1133.3751
FDM60,681.95715
FDJ44,2321.104
DRH51,1366.4583
DRC25,1416.677
DRE25,1417.8253
NCX05,1875.9617
FDR11,2573.276
DRP47,3915.3909
DRC49,371.6969
FDQ47,1077.5054
FDL20,1791.5247
FDM34,2156.2039
NCN55,3993.4792
FDD41,1711.1624
FDE52,1409.874
NCT18,414.318
FDJ32,755.77106
FDE16,3668.9844
FDZ09,2666.28
DRZ11,2050.487
FDK41,1372.4862
FDE56,959.19183
FDH34,3164.179
DRI49,1321.4105
DRI59,3841.3645
DRC36,2990.1377
FDS15,440.33136
FDI07,2604.4482
FDZ15,1649.204
NCX41,5556.3125
NCO29,440.17984
FDF57,2774.1804
FDI33,1484.5504
DRJ47,2984.8257
FDB34,1357.1007
FDY22,3506.82
DRL11,2652.8955
FDY46,3175.5408
FDG17,3945.996
FDE52,1174.9995
DRP47,5694.3325
FDO01,371.1884
FDL09,2642.6328
FDR57,2443.0574
DRD37,878.718
FDQ36,1089.7711
FDL33,3148.0422
FDL48,809.4152
FDL28,4117.7437
NCN29,811.9932
FDO13,2774.1575
FDB38,2709.3923
FDI36,3213.1199
FDI58,1466.7664
FDH22,1890.6907
FDQ27,1730.1088
FDT33,2695.268
FDC56,1797.6503
FDF14,2418.5654
FDQ39,3235.592
NCM43,2796.6296
FDS46,2034.3524
FDI22,3627.623
NCE43,2672.2434
FDZ36,552.9398
FDR13,403.3026
FDP46,1229.7899
FDW56,518.4802
FDB40,2449.4783
FDM28,2320.7363
FDV49,4489.8877
NCS53,2205.8962
FDO03,4117.7437
FDT15,3275.153
FDD33,3883.2874
FDX13,4197.4854
FDH60,3158.867
DRH51,1333.7639
NCL07,717.6689
FDW51,3490.8472
FDF21,518.4802
FDH26,410.16406
FDJ03,804.0416
FDU35,1617.2272
DRL01,3276.6426
FDE59,669.6914
FDI60,1141.6615
DRH39,1331.6605
FDK36,827.3786
FDN52,1336.7743
FDU12,4144.457
NCT05,5959.907
FDS37,3062.9644
FDK24,844.6874
DRF36,3176.0356
FDN46,296.61743
NCN06,2635.1362
FDD59,1370.3516
FDM14,1623.855
FDO10,742.85455
FDU35,1584.5328
NCA30,2611.3606
NCO41,1599.9183
FDI24,2944.804
FDZ16,3114.5652
FDV47,1321.4105
FDV16,669.6914
FDZ22,1370.3516
FDO20,906.26575
FDW38,934.43494
FDW52,2664.4858
FDT43,108.17543
NCS29,3887.9067
NCC31,2451.2593
FDA21,3223.7354
FDQ55,1860.5762
NCE54,1211.4882
FDD45,1617.2272
NCP17,1106.0919
FDR47,3221.041
DRM35,2974.7524
FDR47,518.4802
FDX19,597.61206
FDV22,3646.9253
FDQ46,2748.3433
DRO47,1797.6503
FDB44,667.28406
FDN02,665.82715
FDW10,2614.9348
FDJ41,903.2441
FDM50,941.69617
FDW10,2988.202
FDY48,1677.6068
NCE30,5467.555
FDO04,929.8508
FDQ26,126.09546
NCX29,2167.7334
FDE39,1837.2394
NCR54,5410.4185
NCP55,1688.6302
FDX22,3809.2534
FDI05,1254.3369
FDC51,3237.8293
FDC10,1860.5762
FDJ46,2902.165
FDV10,70.309395
FDX12,6036.6377
FDL43,349.64865
DRB13,3196.8518
FDF59,3378.983
FDT35,2772.397
NCJ19,957.0568
FDT35,2335.0146
FDI48,811.9932
DRC24,371.6969
NCZ05,1694.9156
FDJ57,3302.8892
FDX11,3218.0056
FDE09,1858.2498
NCK06,2015.7742
DRE37,3209.7063
FDV56,1662.2213
FDY43,2775.3523
FDV35,2413.2534
FDF05,903.2441
FDA36,3267.3943
FDS13,5904.532
FDU47,2127.058
FDI36,578.48254
FDH48,1357.1007
FDZ14,2027.1501
FDS46,2050.487
FDE21,1893.2705
FDA26,3745.2502
FDV12,1584.5328
FDL46,403.3026
FDN57,2089.479
NCJ18,1872.0354
FDO36,2916.1401
FDX55,2989.0776
FDT25,404.91223
FDD16,1211.4882
NCX18,3176.0356
NCG55,1672.5408
NCV18,1336.796
NCS18,1711.1624
FDC37,1632.336
FDE47,2050.487
DRG49,318.0491
FDC39,3714.318
FDH24,541.32324
FDV39,5406.49
NCL17,2064.132
NCY53,1907.9784
FDH52,1074.9364
NCD19,742.85455
FDI44,1226.631
DRD49,6002.3687
FDN08,1909.5172
FDO20,7180.7505
FDY02,4125.8105
FDX23,1368.6528
FDX01,1893.2705
FDH20,2584.3643
NCX41,3803.9414
FDD21,3168.0947
DRH11,185.82841
DRE60,3163.2444
FDB10,3981.6226
FDH38,1860.5762
NCL07,514.24805
FDD48,1860.5762
NCT54,2443.6978
FDF32,5597.154
DRH51,1372.7777
DRG03,2474.7927
NCY42,410.16406
FDH32,1617.2272
NCJ06,3279.124
FDH47,2534.2056
FDZ08,1133.3751
FDK16,1595.9921
DRG01,1038.5955
NCM53,2559.6187
NCB07,3207.8079
NCZ06,3926.5234
FDU48,2137.1313
NCB55,1743.602
FDP15,4099.0234
FDF17,3196.8518
NCN06,2709.0798
DRM48,514.24805
FDH10,2801.9001
FDC60,1266.2236
FDE35,742.85455
DRI23,2688.3826
NCR38,3957.9001
FDP04,1105.773
NCW17,2075.7104
FDX34,2083.1812
NCK53,1535.3604
NCO54,179.53091
NCH55,2050.487
FDT44,3168.0947
DRG49,3916.0476
FDX46,144.80714
DRG36,2987.9653
FDU37,1347.6022
FDK10,2654.3806
DRF37,6031.5337
FDC44,1888.2821
FDP15,4054.9534
FDZ27,1310.0448
FDY22,372.09302
DRG51,2779.3865
FDN58,3905.797
FDW01,2445.8074
FDX24,1229.7899
FDO51,734.9777
FDJ52,4063.376
NCY06,435.55618
FDE20,2340.3267
FDT23,304.2446
FDQ51,811.9932
FDE35,943.80646
FDB46,3531.3242
NCG19,3759.7332
NCL06,3502.9731
FDT36,27.876656
FDC56,2065.8723
FDJ26,3623.515
FDZ59,2763.4956
FDV11,4707.5776
FDR13,343.9462
FDI15,3273.078
FDF47,3008.5264
NCB54,330.25644
NCK19,5410.4185
FDX16,2468.88
FDL50,1987.5604
NCE31,717.7235
DRJ01,2683.537
FDE22,2593.339
FDY20,392.29663
NCO14,696.9031
NCR50,2455.6467
DRM47,3223.7354
FDO27,340.52945
FDJ20,3366.2969
NCX17,3493.6968
FDG59,705.40314
FDD52,1587.6974
FDO48,3993.49
FDC59,221.79668
FDS15,1474.1859
FDB47,3747.8738
FDV14,362.002
FDB27,3164.179
FDA35,2099.4285
FDN51,3450.6594
FDO39,579.17096
FDB28,3165.5352
DRJ25,811.9932
FDH46,2559.6187
FDI10,2902.165
FDU21,501.98233
FDD09,2990.1377
FDD10,2857.5935
FDN31,578.48254
FDA46,2616.6726
FDM56,1662.2213
FDF11,698.9873
FDS32,1975.1827
NCM06,2428.265
FDZ26,3733.9546
FDO01,2001.2206
FDJ46,2990.1377
FDG26,874.602
FDZ38,3040.779
NCO55,1662.2213
FDT60,2099.4285
FDW37,1485.2664
NCK42,2977.221
FDA45,2841.9749
FDW55,3504.4597
FDY44,3235.592
FDQ31,1389.795
FDM09,2990.1377
FDH12,1474.1859
NCQ43,1725.0109
FDT33,2829.0486
NCT41,2179.59
DRJ25,131.40707
NCQ41,3146.0872
NCN17,1677.6068
DRO35,3080.9219
FDU27,622.4189
FDY43,4400.347
FDG46,1927.3013
DRL49,2167.7334
NCB55,946.2753
FDK28,4121.756
FDO49,791.6669
FDT03,2914.2312
FDW33,2596.6328
FDR02,1834.913
FDF50,3107.1143
FDA40,1229.7899
NCT53,2277.677
FDY60,2193.783
FDP44,2646.7915
NCQ50,3603.031
NCC30,3046.1653
FDQ60,1825.6155
FDG41,1662.2213
FDQ03,3963.5308
FDM03,1613.0488
FDZ51,1229.7899
DRF51,706.6523
FDF39,4292.0566
FDW52,2803.798
FDY22,2455.5068
FDG14,2428.265
FDA57,701.1717
FDL45,404.91223
FDX28,1584.5328
NCQ54,2774.1804
FDH40,1301.0841
FDU52,2517.541
FDT60,414.2456
FDK08,1535.3604
FDN04,2990.1377
FDE50,3138.704
FDI16,838.7479
FDM50,969.99805
NCV30,1052.8945
FDT44,1860.5762
FDY60,2428.265
FDT56,955.26556
FDV58,2304.9836
FDU04,2050.487
NCN05,5017.0986
FDI53,2315.444
FDD34,2695.268
FDW47,3279.124
FDT51,2730.3857
FDO27,1584.5328
NCQ18,1474.1859
NCW05,1645.5084
FDI15,1476.7041
NCH43,573.05664
FDT40,2065.8723
NCG19,3634.1504
NCM30,749.6854
FDB38,2690.3716
FDB22,2418.5654
FDC58,702.2835
NCI29,2127.058
FDA23,340.52945
DRG48,2428.265
FDV21,2050.487
NCG18,440.33136
FDG40,669.6914
FDU24,1396.4972
FDA22,2740.6018
FDY35,811.9932
FDJ15,3120.9126
NCW18,3352.681
FDK56,2616.6726
FDF44,2127.058
FDP51,1875.9617
FDU22,3080.9219
FDM28,3046.1653
NCL42,3925.7207
FDJ15,550.00214
FDI32,1672.5408
DRL11,2563.3906
DRO59,1038.5955
FDA07,404.91223
NCO53,3206.5469
FDO21,3795.4875
FDW39,2902.165
NCV17,2121.746
FDE22,2563.3906
NCB06,2183.1995
DRF48,3198.1926
FDB05,4476.2
FDP28,6031.5337
FDP23,3710.5017
NCS41,2666.4814
FDS40,514.24805
FDA16,3835.0115
FDN20,2823.7366
FDF04,5959.907
DRG36,2338.1543
FDW16,1229.7899
FDU09,963.5841
FDW01,2430.422
FDB15,4082.6414
NCJ17,1372.4862
NCT18,2678.3381
FDG16,2953.3022
FDP27,3144.1157
FDQ44,3366.2969
FDL50,3279.124
FDW57,4676.0557
FDS34,1826.7701
NCV30,991.2084
FDD26,2604.4482
FDA03,2366.759
FDS27,2604.4482
FDM12,3176.0356
NCV42,2730.3857
NCS41,3196.2637
FDN56,1967.2615
DRK59,3892.8044
NCG18,1662.2213
NCN26,1893.2705
FDI60,1837.718
NCI43,825.8397
NCL17,2142.4434
FDQ19,729.1642
FDY43,2775.5366
FDR36,717.6689
FDJ58,2970.4724
DRY23,681.95715
FDK26,4987.6245
DRH03,1542.0928
FDC10,352.5025
FDD23,3164.179
FDP32,1987.5604
FDO31,1388.1356
FDQ57,2428.265
FDX32,3785.4285
FDC39,5530.9766
FDU55,4141.685
FDL45,2050.487
DRK37,3154.0215
FDK22,3618.0193
DRG37,3646.9253
FDK22,3775.202
DRH36,973.9186
DRC36,2308.8796
DRE03,1142.3411
FDF34,3134.2305
FDZ22,1321.4105
FDC44,352.5025
FDN31,5178.288
FDO03,4212.6787
FDA01,969.99805
NCH42,4117.7437
FDF46,1672.5408
DRL35,702.2835
FDW46,1090.3219
FDB58,2127.058
FDD47,2352.551
NCO17,1797.6503
FDJ26,3787.0586
FDU37,1311.8903
